2026-03-14T00:00:14Z level=ERROR service=billing-api node=n04 code=E4026 latency_ms=2262 req=r2529664 msg="disk quota exceeded"
2026-03-14T00:00:46Z level=INFO service=ledger-sync node=n05 code=- latency_ms=2093 req=r1874632 msg="config reloaded"
2026-03-14T00:01:14Z level=INFO service=inventory-api node=n05 code=- latency_ms=2384 req=r6867162 msg="connection pool resized"
2026-03-14T00:01:28Z level=INFO service=billing-api node=n10 code=- latency_ms=1756 req=r3829137 msg="job scheduled"
2026-03-14T00:01:35Z level=INFO service=billing-api node=n10 code=- latency_ms=132 req=r4658012 msg="connection pool resized"
2026-03-14T00:01:58Z level=INFO service=auth-gateway node=n03 code=- latency_ms=1442 req=r8517916 msg="job scheduled"
2026-03-14T00:02:20Z level=ERROR service=checkout-web node=n07 code=E4035 latency_ms=489 req=r3396986 msg="deserialization failed"
2026-03-14T00:02:51Z level=WARN service=checkout-web node=n03 code=- latency_ms=1902 req=r1727115 msg="slow query detected"
2026-03-14T00:03:21Z level=INFO service=ledger-sync node=n09 code=- latency_ms=386 req=r1238661 msg="request completed"
2026-03-14T00:03:54Z level=WARN service=billing-api node=n09 code=- latency_ms=759 req=r4485219 msg="certificate expires soon"
2026-03-14T00:04:28Z level=INFO service=notification-worker node=n10 code=- latency_ms=1290 req=r6688434 msg="batch flushed"
2026-03-14T00:04:51Z level=INFO service=checkout-web node=n07 code=- latency_ms=1039 req=r2519624 msg="request completed"
2026-03-14T00:05:11Z level=WARN service=notification-worker node=n06 code=- latency_ms=552 req=r6074983 msg="rate limit approaching"
2026-03-14T00:05:18Z level=INFO service=search-indexer node=n02 code=- latency_ms=2167 req=r6066214 msg="health check ok"
2026-03-14T00:05:53Z level=WARN service=auth-gateway node=n09 code=- latency_ms=630 req=r8523882 msg="certificate expires soon"
2026-03-14T00:06:09Z level=INFO service=media-transcoder node=n10 code=- latency_ms=682 req=r1518777 msg="cache refreshed"
2026-03-14T00:06:22Z level=WARN service=ledger-sync node=n01 code=- latency_ms=1903 req=r5538899 msg="slow query detected"
2026-03-14T00:06:46Z level=ERROR service=media-transcoder node=n11 code=E4026 latency_ms=629 req=r4329323 msg="disk quota exceeded"
2026-03-14T00:06:47Z level=INFO service=notification-worker node=n07 code=- latency_ms=2397 req=r8521527 msg="config reloaded"
2026-03-14T00:07:14Z level=INFO service=notification-worker node=n03 code=- latency_ms=351 req=r1046830 msg="health check ok"
2026-03-14T00:07:31Z level=INFO service=billing-api node=n08 code=- latency_ms=946 req=r8127756 msg="health check ok"
2026-03-14T00:08:06Z level=INFO service=search-indexer node=n10 code=- latency_ms=673 req=r5990956 msg="connection pool resized"
2026-03-14T00:08:19Z level=DEBUG service=billing-api node=n04 code=- latency_ms=0 req=r6857194 msg="span started"
2026-03-14T00:08:54Z level=INFO service=billing-api node=n06 code=- latency_ms=2128 req=r1555019 msg="config reloaded"
2026-03-14T00:09:17Z level=DEBUG service=search-indexer node=n11 code=- latency_ms=0 req=r9951118 msg="leaving handler"
2026-03-14T00:09:31Z level=DEBUG service=inventory-api node=n12 code=- latency_ms=0 req=r6462084 msg="span finished"
2026-03-14T00:10:05Z level=ERROR service=search-indexer node=n03 code=E4004 latency_ms=1707 req=r8801086 msg="disk quota exceeded"
2026-03-14T00:10:20Z level=INFO service=billing-api node=n06 code=- latency_ms=2071 req=r4859396 msg="cache refreshed"
2026-03-14T00:10:44Z level=INFO service=billing-api node=n07 code=- latency_ms=608 req=r3637569 msg="cache refreshed"
2026-03-14T00:10:52Z level=DEBUG service=search-indexer node=n12 code=- latency_ms=0 req=r2918515 msg="cache probe"
2026-03-14T00:10:53Z level=DEBUG service=media-transcoder node=n05 code=- latency_ms=0 req=r3873207 msg="cache probe"
2026-03-14T00:11:12Z level=INFO service=checkout-web node=n05 code=- latency_ms=2486 req=r2331764 msg="health check ok"
2026-03-14T00:11:50Z level=INFO service=checkout-web node=n02 code=- latency_ms=2427 req=r3268027 msg="batch flushed"
2026-03-14T00:11:52Z level=INFO service=search-indexer node=n05 code=- latency_ms=1744 req=r9951982 msg="request completed"
2026-03-14T00:12:25Z level=INFO service=auth-gateway node=n09 code=- latency_ms=533 req=r7969488 msg="job scheduled"
2026-03-14T00:12:51Z level=INFO service=inventory-api node=n12 code=- latency_ms=2465 req=r2124001 msg="cache refreshed"
2026-03-14T00:13:25Z level=INFO service=checkout-web node=n06 code=- latency_ms=1704 req=r1215540 msg="batch flushed"
2026-03-14T00:13:53Z level=INFO service=media-transcoder node=n08 code=- latency_ms=653 req=r1227127 msg="batch flushed"
2026-03-14T00:14:22Z level=INFO service=billing-api node=n11 code=- latency_ms=2273 req=r2525327 msg="batch flushed"
2026-03-14T00:14:34Z level=DEBUG service=search-indexer node=n04 code=- latency_ms=0 req=r8028132 msg="span finished"
2026-03-14T00:15:02Z level=INFO service=checkout-web node=n01 code=- latency_ms=2436 req=r8404498 msg="health check ok"
2026-03-14T00:15:34Z level=DEBUG service=search-indexer node=n01 code=- latency_ms=0 req=r9723638 msg="cache probe"
2026-03-14T00:15:53Z level=INFO service=media-transcoder node=n05 code=- latency_ms=1156 req=r2486771 msg="request completed"
2026-03-14T00:16:20Z level=INFO service=notification-worker node=n12 code=- latency_ms=117 req=r9803415 msg="job scheduled"
2026-03-14T00:16:42Z level=WARN service=billing-api node=n11 code=- latency_ms=1010 req=r3411397 msg="queue depth above threshold"
2026-03-14T00:16:51Z level=INFO service=media-transcoder node=n04 code=- latency_ms=1852 req=r9452347 msg="connection pool resized"
2026-03-14T00:16:54Z level=DEBUG service=checkout-web node=n07 code=- latency_ms=0 req=r6185592 msg="leaving handler"
2026-03-14T00:17:27Z level=WARN service=checkout-web node=n09 code=- latency_ms=2303 req=r7080476 msg="certificate expires soon"
2026-03-14T00:17:54Z level=INFO service=ledger-sync node=n01 code=- latency_ms=1925 req=r6517227 msg="health check ok"
2026-03-14T00:18:32Z level=ERROR service=search-indexer node=n11 code=E4072 latency_ms=1585 req=r5776485 msg="disk quota exceeded"
2026-03-14T00:18:43Z level=WARN service=checkout-web node=n03 code=- latency_ms=1154 req=r4599190 msg="rate limit approaching"
2026-03-14T00:18:49Z level=INFO service=inventory-api node=n07 code=- latency_ms=1455 req=r7306540 msg="connection pool resized"
2026-03-14T00:18:55Z level=INFO service=ledger-sync node=n11 code=- latency_ms=980 req=r9575903 msg="health check ok"
2026-03-14T00:19:01Z level=ERROR service=checkout-web node=n08 code=E4051 latency_ms=211 req=r3372002 msg="unhandled exception in handler"
2026-03-14T00:19:07Z level=WARN service=notification-worker node=n08 code=- latency_ms=92 req=r1313735 msg="rate limit approaching"
2026-03-14T00:19:45Z level=WARN service=auth-gateway node=n05 code=- latency_ms=2288 req=r3699076 msg="rate limit approaching"
2026-03-14T00:20:07Z level=WARN service=ledger-sync node=n01 code=- latency_ms=724 req=r7302080 msg="retrying upstream call"
2026-03-14T00:20:40Z level=WARN service=billing-api node=n03 code=- latency_ms=1771 req=r1489178 msg="certificate expires soon"
2026-03-14T00:21:05Z level=INFO service=billing-api node=n11 code=- latency_ms=1079 req=r8774480 msg="cache refreshed"
2026-03-14T00:21:32Z level=INFO service=checkout-web node=n02 code=- latency_ms=2328 req=r6736464 msg="cache refreshed"
2026-03-14T00:21:38Z level=INFO service=notification-worker node=n12 code=- latency_ms=420 req=r9092138 msg="request completed"
2026-03-14T00:22:12Z level=INFO service=media-transcoder node=n06 code=- latency_ms=1729 req=r9344940 msg="connection pool resized"
2026-03-14T00:22:44Z level=INFO service=billing-api node=n12 code=- latency_ms=2284 req=r6764598 msg="job scheduled"
2026-03-14T00:23:18Z level=DEBUG service=ledger-sync node=n03 code=- latency_ms=0 req=r4450501 msg="cache probe"
2026-03-14T00:23:20Z level=INFO service=checkout-web node=n10 code=- latency_ms=283 req=r7172529 msg="job scheduled"
2026-03-14T00:23:23Z level=INFO service=billing-api node=n03 code=- latency_ms=2189 req=r2139705 msg="job scheduled"
2026-03-14T00:23:43Z level=DEBUG service=auth-gateway node=n09 code=- latency_ms=0 req=r5488505 msg="leaving handler"
2026-03-14T00:23:58Z level=DEBUG service=billing-api node=n06 code=- latency_ms=0 req=r1954229 msg="entering handler"
2026-03-14T00:24:08Z level=DEBUG service=billing-api node=n12 code=- latency_ms=0 req=r9720320 msg="entering handler"
2026-03-14T00:24:24Z level=DEBUG service=notification-worker node=n07 code=- latency_ms=0 req=r6873356 msg="span finished"
2026-03-14T00:25:00Z level=INFO service=auth-gateway node=n01 code=- latency_ms=2460 req=r3984509 msg="cache refreshed"
2026-03-14T00:25:24Z level=DEBUG service=ledger-sync node=n12 code=- latency_ms=0 req=r9011109 msg="entering handler"
2026-03-14T00:25:33Z level=INFO service=search-indexer node=n02 code=- latency_ms=1906 req=r6438155 msg="batch flushed"
2026-03-14T00:25:41Z level=INFO service=search-indexer node=n06 code=- latency_ms=1386 req=r6641059 msg="batch flushed"
2026-03-14T00:25:57Z level=DEBUG service=auth-gateway node=n10 code=- latency_ms=0 req=r7959849 msg="leaving handler"
2026-03-14T00:26:06Z level=INFO service=billing-api node=n01 code=- latency_ms=1023 req=r2530359 msg="batch flushed"
2026-03-14T00:26:42Z level=INFO service=auth-gateway node=n09 code=- latency_ms=2241 req=r4423098 msg="batch flushed"
2026-03-14T00:27:12Z level=INFO service=billing-api node=n06 code=- latency_ms=1625 req=r2040715 msg="job scheduled"
2026-03-14T00:27:17Z level=DEBUG service=media-transcoder node=n09 code=- latency_ms=0 req=r2391792 msg="leaving handler"
2026-03-14T00:27:38Z level=WARN service=ledger-sync node=n06 code=- latency_ms=1115 req=r7035197 msg="queue depth above threshold"
2026-03-14T00:27:40Z level=INFO service=inventory-api node=n06 code=- latency_ms=1956 req=r1489754 msg="connection pool resized"
2026-03-14T00:27:43Z level=INFO service=checkout-web node=n05 code=- latency_ms=1250 req=r6082609 msg="batch flushed"
2026-03-14T00:28:00Z level=WARN service=notification-worker node=n09 code=- latency_ms=1861 req=r8761031 msg="rate limit approaching"
2026-03-14T00:28:28Z level=ERROR service=auth-gateway node=n06 code=E4072 latency_ms=1932 req=r7978946 msg="database connection refused"
2026-03-14T00:28:40Z level=ERROR service=checkout-web node=n06 code=E4082 latency_ms=1932 req=r4512156 msg="database connection refused"
2026-03-14T00:28:48Z level=INFO service=auth-gateway node=n10 code=- latency_ms=1068 req=r5093714 msg="batch flushed"
2026-03-14T00:29:02Z level=INFO service=auth-gateway node=n11 code=- latency_ms=2272 req=r2277544 msg="health check ok"
2026-03-14T00:29:14Z level=DEBUG service=inventory-api node=n05 code=- latency_ms=0 req=r3821824 msg="entering handler"
2026-03-14T00:29:36Z level=DEBUG service=media-transcoder node=n03 code=- latency_ms=0 req=r8347389 msg="cache probe"
2026-03-14T00:29:46Z level=DEBUG service=inventory-api node=n02 code=- latency_ms=0 req=r1027308 msg="leaving handler"
2026-03-14T00:30:02Z level=WARN service=checkout-web node=n10 code=- latency_ms=2325 req=r9016519 msg="certificate expires soon"
2026-03-14T00:30:07Z level=INFO service=media-transcoder node=n05 code=- latency_ms=2483 req=r5788868 msg="connection pool resized"
2026-03-14T00:30:12Z level=WARN service=media-transcoder node=n08 code=- latency_ms=2296 req=r7843010 msg="rate limit approaching"
2026-03-14T00:30:37Z level=ERROR service=auth-gateway node=n03 code=E4087 latency_ms=192 req=r9381819 msg="database connection refused"
2026-03-14T00:31:04Z level=WARN service=checkout-web node=n10 code=- latency_ms=244 req=r4083057 msg="queue depth above threshold"
2026-03-14T00:31:10Z level=INFO service=ledger-sync node=n08 code=- latency_ms=1278 req=r7618909 msg="config reloaded"
2026-03-14T00:31:41Z level=DEBUG service=ledger-sync node=n08 code=- latency_ms=0 req=r4629076 msg="cache probe"
2026-03-14T00:32:14Z level=INFO service=inventory-api node=n07 code=- latency_ms=1845 req=r8641959 msg="health check ok"
2026-03-14T00:32:34Z level=ERROR service=checkout-web node=n06 code=E4055 latency_ms=1920 req=r7974135 msg="disk quota exceeded"
2026-03-14T00:32:59Z level=INFO service=inventory-api node=n12 code=- latency_ms=1512 req=r8891852 msg="config reloaded"
2026-03-14T00:33:04Z level=WARN service=auth-gateway node=n05 code=- latency_ms=1353 req=r5979142 msg="rate limit approaching"
2026-03-14T00:33:26Z level=DEBUG service=media-transcoder node=n10 code=- latency_ms=0 req=r3858687 msg="span started"
2026-03-14T00:33:41Z level=DEBUG service=media-transcoder node=n11 code=- latency_ms=0 req=r6367138 msg="entering handler"
2026-03-14T00:34:16Z level=INFO service=auth-gateway node=n12 code=- latency_ms=9 req=r4271958 msg="job scheduled"
2026-03-14T00:34:41Z level=INFO service=media-transcoder node=n07 code=- latency_ms=904 req=r3162829 msg="request completed"
2026-03-14T00:34:43Z level=WARN service=media-transcoder node=n03 code=- latency_ms=763 req=r2266158 msg="retrying upstream call"
2026-03-14T00:35:12Z level=DEBUG service=billing-api node=n11 code=- latency_ms=0 req=r9810006 msg="span finished"
2026-03-14T00:35:25Z level=INFO service=auth-gateway node=n02 code=- latency_ms=1980 req=r2137267 msg="job scheduled"
2026-03-14T00:36:00Z level=INFO service=checkout-web node=n02 code=- latency_ms=1675 req=r4249356 msg="cache refreshed"
2026-03-14T00:36:08Z level=INFO service=media-transcoder node=n07 code=- latency_ms=1474 req=r8119372 msg="connection pool resized"
2026-03-14T00:36:38Z level=INFO service=billing-api node=n04 code=- latency_ms=1987 req=r2700663 msg="batch flushed"
2026-03-14T00:36:54Z level=INFO service=inventory-api node=n11 code=- latency_ms=1404 req=r8703766 msg="cache refreshed"
2026-03-14T00:37:08Z level=INFO service=ledger-sync node=n12 code=- latency_ms=2156 req=r3931475 msg="connection pool resized"
2026-03-14T00:37:15Z level=INFO service=search-indexer node=n12 code=- latency_ms=553 req=r8368480 msg="job scheduled"
2026-03-14T00:37:43Z level=INFO service=billing-api node=n01 code=- latency_ms=1177 req=r2305886 msg="cache refreshed"
2026-03-14T00:37:53Z level=WARN service=checkout-web node=n06 code=- latency_ms=202 req=r1773791 msg="certificate expires soon"
2026-03-14T00:38:15Z level=ERROR service=search-indexer node=n10 code=E4084 latency_ms=1728 req=r1080306 msg="upstream timeout"
2026-03-14T00:38:30Z level=WARN service=auth-gateway node=n07 code=- latency_ms=270 req=r9399713 msg="slow query detected"
2026-03-14T00:39:07Z level=WARN service=ledger-sync node=n01 code=- latency_ms=1511 req=r6372046 msg="certificate expires soon"
2026-03-14T00:39:30Z level=WARN service=search-indexer node=n07 code=- latency_ms=139 req=r5528760 msg="certificate expires soon"
2026-03-14T00:39:39Z level=INFO service=ledger-sync node=n02 code=- latency_ms=1258 req=r5059818 msg="connection pool resized"
2026-03-14T00:40:11Z level=INFO service=ledger-sync node=n03 code=- latency_ms=1930 req=r7131714 msg="connection pool resized"
2026-03-14T00:40:47Z level=INFO service=search-indexer node=n10 code=- latency_ms=1931 req=r8756787 msg="batch flushed"
2026-03-14T00:40:52Z level=INFO service=search-indexer node=n09 code=- latency_ms=2386 req=r3711256 msg="batch flushed"
2026-03-14T00:40:55Z level=INFO service=media-transcoder node=n09 code=- latency_ms=1754 req=r6359801 msg="connection pool resized"
2026-03-14T00:40:57Z level=ERROR service=notification-worker node=n05 code=E4065 latency_ms=155 req=r4398181 msg="upstream timeout"
2026-03-14T00:41:29Z level=INFO service=auth-gateway node=n02 code=- latency_ms=2064 req=r7464440 msg="batch flushed"
2026-03-14T00:41:54Z level=DEBUG service=checkout-web node=n02 code=- latency_ms=0 req=r2793328 msg="cache probe"
2026-03-14T00:42:29Z level=INFO service=auth-gateway node=n12 code=- latency_ms=2316 req=r9694623 msg="config reloaded"
2026-03-14T00:42:34Z level=INFO service=media-transcoder node=n04 code=- latency_ms=657 req=r9394941 msg="cache refreshed"
2026-03-14T00:42:54Z level=WARN service=search-indexer node=n07 code=- latency_ms=1237 req=r1502386 msg="certificate expires soon"
2026-03-14T00:43:24Z level=DEBUG service=auth-gateway node=n09 code=- latency_ms=0 req=r6983234 msg="span started"
2026-03-14T00:43:50Z level=INFO service=ledger-sync node=n02 code=- latency_ms=614 req=r5657274 msg="cache refreshed"
2026-03-14T00:44:22Z level=WARN service=billing-api node=n07 code=- latency_ms=2491 req=r4231325 msg="rate limit approaching"
2026-03-14T00:44:43Z level=INFO service=auth-gateway node=n11 code=- latency_ms=1393 req=r9985150 msg="config reloaded"
2026-03-14T00:45:15Z level=DEBUG service=checkout-web node=n01 code=- latency_ms=0 req=r4543176 msg="cache probe"
2026-03-14T00:45:52Z level=ERROR service=search-indexer node=n11 code=E4009 latency_ms=2212 req=r7997921 msg="database connection refused"
2026-03-14T00:46:11Z level=INFO service=auth-gateway node=n12 code=- latency_ms=1228 req=r4397317 msg="batch flushed"
2026-03-14T00:46:18Z level=INFO service=media-transcoder node=n01 code=- latency_ms=1002 req=r3568903 msg="cache refreshed"
2026-03-14T00:46:49Z level=INFO service=search-indexer node=n02 code=- latency_ms=1348 req=r9865372 msg="connection pool resized"
2026-03-14T00:46:58Z level=DEBUG service=billing-api node=n11 code=- latency_ms=0 req=r3821335 msg="entering handler"
2026-03-14T00:47:24Z level=DEBUG service=ledger-sync node=n11 code=- latency_ms=0 req=r4053654 msg="span started"
2026-03-14T00:47:51Z level=INFO service=auth-gateway node=n05 code=- latency_ms=670 req=r4398138 msg="request completed"
2026-03-14T00:48:09Z level=INFO service=media-transcoder node=n02 code=- latency_ms=1559 req=r7138890 msg="cache refreshed"
2026-03-14T00:48:35Z level=ERROR service=media-transcoder node=n01 code=E4051 latency_ms=1034 req=r5045834 msg="deserialization failed"
2026-03-14T00:48:48Z level=WARN service=billing-api node=n11 code=- latency_ms=1020 req=r2548306 msg="certificate expires soon"
2026-03-14T00:49:05Z level=ERROR service=auth-gateway node=n12 code=E4004 latency_ms=926 req=r7074836 msg="disk quota exceeded"
2026-03-14T00:49:19Z level=INFO service=billing-api node=n04 code=- latency_ms=315 req=r7345676 msg="job scheduled"
2026-03-14T00:49:51Z level=ERROR service=search-indexer node=n08 code=E4019 latency_ms=798 req=r8357900 msg="deserialization failed"
2026-03-14T00:50:09Z level=INFO service=billing-api node=n04 code=- latency_ms=1435 req=r5400349 msg="connection pool resized"
2026-03-14T00:50:22Z level=INFO service=search-indexer node=n01 code=- latency_ms=300 req=r4954657 msg="connection pool resized"
2026-03-14T00:50:32Z level=INFO service=billing-api node=n05 code=- latency_ms=2342 req=r9629370 msg="connection pool resized"
2026-03-14T00:50:41Z level=INFO service=checkout-web node=n04 code=- latency_ms=489 req=r8239611 msg="cache refreshed"
2026-03-14T00:50:47Z level=INFO service=ledger-sync node=n12 code=- latency_ms=2388 req=r3356967 msg="cache refreshed"
2026-03-14T00:51:14Z level=INFO service=inventory-api node=n08 code=- latency_ms=403 req=r6099967 msg="job scheduled"
2026-03-14T00:51:29Z level=WARN service=inventory-api node=n12 code=- latency_ms=1047 req=r6620356 msg="queue depth above threshold"
2026-03-14T00:51:43Z level=DEBUG service=media-transcoder node=n05 code=- latency_ms=0 req=r3304149 msg="span finished"
2026-03-14T00:51:56Z level=INFO service=notification-worker node=n10 code=- latency_ms=167 req=r6455461 msg="connection pool resized"
2026-03-14T00:51:57Z level=WARN service=media-transcoder node=n07 code=- latency_ms=664 req=r9131975 msg="queue depth above threshold"
2026-03-14T00:52:36Z level=WARN service=billing-api node=n01 code=- latency_ms=1321 req=r3477738 msg="retrying upstream call"
2026-03-14T00:53:02Z level=WARN service=inventory-api node=n10 code=- latency_ms=370 req=r9789656 msg="certificate expires soon"
2026-03-14T00:53:39Z level=INFO service=notification-worker node=n12 code=- latency_ms=668 req=r9053817 msg="cache refreshed"
2026-03-14T00:53:48Z level=DEBUG service=notification-worker node=n01 code=- latency_ms=0 req=r5258199 msg="span started"
2026-03-14T00:54:00Z level=DEBUG service=notification-worker node=n05 code=- latency_ms=0 req=r1216075 msg="entering handler"
2026-03-14T00:54:20Z level=INFO service=ledger-sync node=n10 code=- latency_ms=1504 req=r4970315 msg="config reloaded"
2026-03-14T00:54:44Z level=DEBUG service=checkout-web node=n06 code=- latency_ms=0 req=r6174986 msg="entering handler"
2026-03-14T00:55:21Z level=INFO service=media-transcoder node=n12 code=- latency_ms=1452 req=r7463457 msg="connection pool resized"
2026-03-14T00:55:51Z level=INFO service=ledger-sync node=n12 code=- latency_ms=734 req=r4479535 msg="job scheduled"
2026-03-14T00:56:14Z level=WARN service=ledger-sync node=n10 code=- latency_ms=622 req=r8500375 msg="rate limit approaching"
2026-03-14T00:56:37Z level=INFO service=notification-worker node=n03 code=- latency_ms=2437 req=r5086895 msg="job scheduled"
2026-03-14T00:56:59Z level=DEBUG service=search-indexer node=n01 code=- latency_ms=0 req=r2160044 msg="cache probe"
2026-03-14T00:57:22Z level=ERROR service=auth-gateway node=n11 code=E4068 latency_ms=2093 req=r4374246 msg="unhandled exception in handler"
2026-03-14T00:57:59Z level=INFO service=search-indexer node=n08 code=- latency_ms=332 req=r6544800 msg="health check ok"
2026-03-14T00:58:15Z level=INFO service=checkout-web node=n07 code=- latency_ms=1113 req=r6934584 msg="batch flushed"
2026-03-14T00:58:18Z level=WARN service=ledger-sync node=n08 code=- latency_ms=2435 req=r8838934 msg="certificate expires soon"
2026-03-14T00:58:36Z level=INFO service=ledger-sync node=n08 code=- latency_ms=2440 req=r6245636 msg="health check ok"
2026-03-14T00:58:45Z level=ERROR service=inventory-api node=n05 code=E4056 latency_ms=194 req=r1595196 msg="unhandled exception in handler"
2026-03-14T00:58:50Z level=INFO service=inventory-api node=n11 code=- latency_ms=104 req=r3994187 msg="job scheduled"
2026-03-14T00:59:23Z level=DEBUG service=media-transcoder node=n09 code=- latency_ms=0 req=r2916053 msg="span started"
2026-03-14T00:59:36Z level=WARN service=media-transcoder node=n04 code=- latency_ms=515 req=r5229070 msg="queue depth above threshold"
2026-03-14T01:00:12Z level=INFO service=search-indexer node=n01 code=- latency_ms=1440 req=r3415631 msg="batch flushed"
2026-03-14T01:00:47Z level=INFO service=ledger-sync node=n08 code=- latency_ms=925 req=r5502511 msg="connection pool resized"
2026-03-14T01:01:08Z level=ERROR service=checkout-web node=n06 code=E4097 latency_ms=1805 req=r4501094 msg="deserialization failed"
2026-03-14T01:01:13Z level=INFO service=notification-worker node=n08 code=- latency_ms=1173 req=r2366992 msg="connection pool resized"
2026-03-14T01:01:51Z level=INFO service=checkout-web node=n11 code=- latency_ms=1696 req=r8463329 msg="health check ok"
2026-03-14T01:01:55Z level=INFO service=notification-worker node=n06 code=- latency_ms=1214 req=r8565525 msg="cache refreshed"
2026-03-14T01:02:04Z level=INFO service=search-indexer node=n10 code=- latency_ms=2214 req=r3209744 msg="job scheduled"
2026-03-14T01:02:34Z level=DEBUG service=media-transcoder node=n05 code=- latency_ms=0 req=r8521138 msg="entering handler"
2026-03-14T01:02:54Z level=INFO service=checkout-web node=n02 code=- latency_ms=908 req=r7184977 msg="connection pool resized"
2026-03-14T01:03:17Z level=INFO service=ledger-sync node=n03 code=- latency_ms=1943 req=r5245316 msg="cache refreshed"
2026-03-14T01:03:36Z level=DEBUG service=inventory-api node=n04 code=- latency_ms=0 req=r6363402 msg="leaving handler"
2026-03-14T01:04:05Z level=INFO service=billing-api node=n12 code=- latency_ms=2438 req=r6568664 msg="job scheduled"
2026-03-14T01:04:11Z level=INFO service=auth-gateway node=n07 code=- latency_ms=426 req=r1475262 msg="connection pool resized"
2026-03-14T01:04:40Z level=INFO service=media-transcoder node=n03 code=- latency_ms=2409 req=r1460416 msg="health check ok"
2026-03-14T01:04:43Z level=DEBUG service=search-indexer node=n10 code=- latency_ms=0 req=r7256916 msg="entering handler"
2026-03-14T01:05:05Z level=WARN service=media-transcoder node=n03 code=- latency_ms=2253 req=r2496043 msg="queue depth above threshold"
2026-03-14T01:05:24Z level=INFO service=ledger-sync node=n01 code=- latency_ms=605 req=r7649954 msg="connection pool resized"
2026-03-14T01:05:59Z level=INFO service=notification-worker node=n06 code=- latency_ms=1579 req=r9536963 msg="job scheduled"
2026-03-14T01:06:08Z level=INFO service=notification-worker node=n03 code=- latency_ms=953 req=r5501111 msg="request completed"
2026-03-14T01:06:21Z level=INFO service=ledger-sync node=n03 code=- latency_ms=2116 req=r7447674 msg="connection pool resized"
2026-03-14T01:06:43Z level=ERROR service=media-transcoder node=n02 code=E4055 latency_ms=1626 req=r6133365 msg="upstream timeout"
2026-03-14T01:07:21Z level=DEBUG service=media-transcoder node=n10 code=- latency_ms=0 req=r4372754 msg="leaving handler"
2026-03-14T01:07:55Z level=DEBUG service=billing-api node=n01 code=- latency_ms=0 req=r9974221 msg="span finished"
2026-03-14T01:08:33Z level=INFO service=ledger-sync node=n03 code=- latency_ms=15 req=r1958015 msg="health check ok"
2026-03-14T01:09:00Z level=DEBUG service=notification-worker node=n09 code=- latency_ms=0 req=r3657830 msg="leaving handler"
2026-03-14T01:09:36Z level=WARN service=media-transcoder node=n09 code=- latency_ms=341 req=r1634172 msg="retrying upstream call"
2026-03-14T01:09:58Z level=INFO service=media-transcoder node=n09 code=- latency_ms=827 req=r2063979 msg="config reloaded"
2026-03-14T01:10:01Z level=INFO service=checkout-web node=n12 code=- latency_ms=1887 req=r1429864 msg="config reloaded"
2026-03-14T01:10:06Z level=ERROR service=media-transcoder node=n07 code=E4086 latency_ms=1727 req=r1675627 msg="unhandled exception in handler"
2026-03-14T01:10:36Z level=WARN service=search-indexer node=n12 code=- latency_ms=2450 req=r1009236 msg="certificate expires soon"
2026-03-14T01:10:53Z level=WARN service=auth-gateway node=n04 code=- latency_ms=695 req=r4843316 msg="retrying upstream call"
2026-03-14T01:11:31Z level=INFO service=media-transcoder node=n03 code=- latency_ms=437 req=r1727449 msg="config reloaded"
2026-03-14T01:11:53Z level=INFO service=billing-api node=n05 code=- latency_ms=2470 req=r8885807 msg="cache refreshed"
2026-03-14T01:11:59Z level=INFO service=checkout-web node=n11 code=- latency_ms=2452 req=r4835245 msg="request completed"
2026-03-14T01:12:09Z level=INFO service=ledger-sync node=n03 code=- latency_ms=893 req=r2238183 msg="health check ok"
2026-03-14T01:12:14Z level=DEBUG service=search-indexer node=n06 code=- latency_ms=0 req=r1709192 msg="span finished"
2026-03-14T01:12:32Z level=INFO service=search-indexer node=n12 code=- latency_ms=1905 req=r4070214 msg="batch flushed"
2026-03-14T01:12:40Z level=INFO service=notification-worker node=n07 code=- latency_ms=2406 req=r5569820 msg="batch flushed"
2026-03-14T01:12:54Z level=INFO service=inventory-api node=n08 code=- latency_ms=1054 req=r6537603 msg="config reloaded"
2026-03-14T01:13:10Z level=WARN service=inventory-api node=n08 code=- latency_ms=272 req=r6703740 msg="rate limit approaching"
2026-03-14T01:13:14Z level=WARN service=auth-gateway node=n08 code=- latency_ms=669 req=r8902928 msg="rate limit approaching"
2026-03-14T01:13:16Z level=INFO service=auth-gateway node=n08 code=- latency_ms=815 req=r9929093 msg="connection pool resized"
2026-03-14T01:13:55Z level=INFO service=search-indexer node=n02 code=- latency_ms=660 req=r5836316 msg="health check ok"
2026-03-14T01:14:24Z level=ERROR service=search-indexer node=n12 code=E4097 latency_ms=1534 req=r8982335 msg="unhandled exception in handler"
2026-03-14T01:14:42Z level=INFO service=media-transcoder node=n02 code=- latency_ms=298 req=r3716548 msg="cache refreshed"
2026-03-14T01:15:18Z level=INFO service=media-transcoder node=n03 code=- latency_ms=1038 req=r2172742 msg="health check ok"
2026-03-14T01:15:20Z level=INFO service=billing-api node=n09 code=- latency_ms=211 req=r7680910 msg="config reloaded"
2026-03-14T01:15:26Z level=INFO service=notification-worker node=n04 code=- latency_ms=337 req=r8856326 msg="cache refreshed"
2026-03-14T01:15:44Z level=INFO service=auth-gateway node=n05 code=- latency_ms=2368 req=r9832470 msg="cache refreshed"
2026-03-14T01:16:05Z level=WARN service=checkout-web node=n09 code=- latency_ms=1335 req=r1015586 msg="slow query detected"
2026-03-14T01:16:44Z level=INFO service=notification-worker node=n07 code=- latency_ms=2497 req=r2834481 msg="health check ok"
2026-03-14T01:17:05Z level=WARN service=inventory-api node=n01 code=- latency_ms=2147 req=r7034070 msg="retrying upstream call"
2026-03-14T01:17:32Z level=INFO service=auth-gateway node=n04 code=- latency_ms=1577 req=r3021168 msg="config reloaded"
2026-03-14T01:17:57Z level=INFO service=billing-api node=n09 code=- latency_ms=1926 req=r4656127 msg="health check ok"
2026-03-14T01:18:23Z level=WARN service=billing-api node=n10 code=- latency_ms=379 req=r8396372 msg="queue depth above threshold"
2026-03-14T01:18:40Z level=INFO service=inventory-api node=n04 code=- latency_ms=1506 req=r9990725 msg="batch flushed"
2026-03-14T01:18:49Z level=WARN service=checkout-web node=n04 code=- latency_ms=106 req=r1304063 msg="queue depth above threshold"
2026-03-14T01:19:05Z level=INFO service=billing-api node=n07 code=- latency_ms=374 req=r3033275 msg="config reloaded"
2026-03-14T01:19:07Z level=INFO service=notification-worker node=n01 code=- latency_ms=949 req=r9739595 msg="job scheduled"
2026-03-14T01:19:22Z level=WARN service=media-transcoder node=n06 code=- latency_ms=652 req=r3793109 msg="slow query detected"
2026-03-14T01:19:31Z level=INFO service=notification-worker node=n12 code=- latency_ms=1165 req=r5163636 msg="health check ok"
2026-03-14T01:19:59Z level=INFO service=checkout-web node=n06 code=- latency_ms=50 req=r6145853 msg="request completed"
2026-03-14T01:20:28Z level=INFO service=notification-worker node=n08 code=- latency_ms=722 req=r5792631 msg="health check ok"
2026-03-14T01:20:36Z level=ERROR service=ledger-sync node=n03 code=E4045 latency_ms=643 req=r2607294 msg="disk quota exceeded"
2026-03-14T01:21:04Z level=DEBUG service=checkout-web node=n12 code=- latency_ms=0 req=r1105644 msg="span finished"
2026-03-14T01:21:35Z level=DEBUG service=ledger-sync node=n03 code=- latency_ms=0 req=r6901452 msg="span started"
2026-03-14T01:21:44Z level=INFO service=inventory-api node=n07 code=- latency_ms=2315 req=r3141921 msg="job scheduled"
2026-03-14T01:21:53Z level=WARN service=inventory-api node=n05 code=- latency_ms=2257 req=r9149846 msg="rate limit approaching"
2026-03-14T01:22:17Z level=INFO service=ledger-sync node=n04 code=- latency_ms=599 req=r5606625 msg="connection pool resized"
2026-03-14T01:22:41Z level=INFO service=auth-gateway node=n01 code=- latency_ms=816 req=r8724681 msg="cache refreshed"
2026-03-14T01:23:14Z level=WARN service=notification-worker node=n05 code=- latency_ms=254 req=r3110035 msg="queue depth above threshold"
2026-03-14T01:23:26Z level=INFO service=notification-worker node=n11 code=- latency_ms=1457 req=r7449844 msg="health check ok"
2026-03-14T01:23:46Z level=WARN service=billing-api node=n03 code=- latency_ms=1486 req=r8691627 msg="certificate expires soon"
2026-03-14T01:24:25Z level=DEBUG service=checkout-web node=n11 code=- latency_ms=0 req=r3112538 msg="leaving handler"
2026-03-14T01:25:00Z level=INFO service=auth-gateway node=n03 code=- latency_ms=1439 req=r1087349 msg="job scheduled"
2026-03-14T01:25:14Z level=INFO service=ledger-sync node=n08 code=- latency_ms=1556 req=r5507098 msg="batch flushed"
2026-03-14T01:25:27Z level=INFO service=checkout-web node=n02 code=- latency_ms=1917 req=r6817597 msg="health check ok"
2026-03-14T01:25:37Z level=DEBUG service=notification-worker node=n12 code=- latency_ms=0 req=r9227557 msg="cache probe"
2026-03-14T01:26:01Z level=INFO service=billing-api node=n12 code=- latency_ms=13 req=r7106380 msg="request completed"
2026-03-14T01:26:25Z level=WARN service=checkout-web node=n07 code=- latency_ms=2433 req=r7283908 msg="queue depth above threshold"
2026-03-14T01:26:50Z level=INFO service=inventory-api node=n05 code=- latency_ms=356 req=r3135407 msg="batch flushed"
2026-03-14T01:27:11Z level=INFO service=search-indexer node=n11 code=- latency_ms=1510 req=r5697620 msg="cache refreshed"
2026-03-14T01:27:47Z level=INFO service=checkout-web node=n11 code=- latency_ms=630 req=r3205431 msg="cache refreshed"
2026-03-14T01:27:55Z level=INFO service=auth-gateway node=n05 code=- latency_ms=1100 req=r6905885 msg="request completed"
2026-03-14T01:28:21Z level=ERROR service=inventory-api node=n02 code=E4045 latency_ms=2476 req=r9187208 msg="disk quota exceeded"
2026-03-14T01:28:29Z level=INFO service=search-indexer node=n11 code=- latency_ms=2446 req=r8183936 msg="connection pool resized"
2026-03-14T01:28:40Z level=INFO service=auth-gateway node=n03 code=- latency_ms=858 req=r5214807 msg="health check ok"
2026-03-14T01:29:11Z level=WARN service=notification-worker node=n03 code=- latency_ms=921 req=r1837518 msg="certificate expires soon"
2026-03-14T01:29:26Z level=INFO service=inventory-api node=n08 code=- latency_ms=902 req=r8392859 msg="connection pool resized"
2026-03-14T01:29:39Z level=DEBUG service=checkout-web node=n05 code=- latency_ms=0 req=r7663286 msg="entering handler"
2026-03-14T01:29:58Z level=INFO service=media-transcoder node=n07 code=- latency_ms=1526 req=r5824841 msg="batch flushed"
2026-03-14T01:30:02Z level=INFO service=notification-worker node=n08 code=- latency_ms=1941 req=r2077404 msg="config reloaded"
2026-03-14T01:30:05Z level=INFO service=checkout-web node=n10 code=- latency_ms=976 req=r5732577 msg="batch flushed"
2026-03-14T01:30:09Z level=INFO service=checkout-web node=n10 code=- latency_ms=1369 req=r2306043 msg="request completed"
2026-03-14T01:30:36Z level=INFO service=ledger-sync node=n01 code=- latency_ms=598 req=r5380974 msg="batch flushed"
2026-03-14T01:30:43Z level=INFO service=checkout-web node=n06 code=- latency_ms=1498 req=r3216255 msg="cache refreshed"
2026-03-14T01:31:00Z level=INFO service=inventory-api node=n05 code=- latency_ms=2493 req=r8115635 msg="connection pool resized"
2026-03-14T01:31:37Z level=ERROR service=checkout-web node=n04 code=E4083 latency_ms=1121 req=r8984855 msg="disk quota exceeded"
2026-03-14T01:31:44Z level=INFO service=media-transcoder node=n07 code=- latency_ms=1007 req=r3687707 msg="job scheduled"
2026-03-14T01:31:56Z level=INFO service=ledger-sync node=n10 code=- latency_ms=908 req=r8352283 msg="health check ok"
2026-03-14T01:32:04Z level=DEBUG service=checkout-web node=n02 code=- latency_ms=0 req=r4245548 msg="leaving handler"
2026-03-14T01:32:09Z level=INFO service=billing-api node=n05 code=- latency_ms=1673 req=r6957527 msg="connection pool resized"
2026-03-14T01:32:21Z level=INFO service=inventory-api node=n02 code=- latency_ms=910 req=r1161198 msg="request completed"
2026-03-14T01:33:00Z level=INFO service=auth-gateway node=n07 code=- latency_ms=283 req=r2589415 msg="connection pool resized"
2026-03-14T01:33:15Z level=INFO service=ledger-sync node=n09 code=- latency_ms=766 req=r8518236 msg="batch flushed"
2026-03-14T01:33:35Z level=WARN service=inventory-api node=n08 code=- latency_ms=2389 req=r6772375 msg="queue depth above threshold"
2026-03-14T01:33:43Z level=INFO service=search-indexer node=n02 code=- latency_ms=32 req=r6835374 msg="health check ok"
2026-03-14T01:34:09Z level=WARN service=billing-api node=n02 code=- latency_ms=821 req=r2832650 msg="rate limit approaching"
2026-03-14T01:34:13Z level=ERROR service=checkout-web node=n02 code=E4018 latency_ms=1556 req=r8022846 msg="disk quota exceeded"
2026-03-14T01:34:50Z level=DEBUG service=media-transcoder node=n04 code=- latency_ms=0 req=r2923770 msg="cache probe"
2026-03-14T01:35:05Z level=DEBUG service=media-transcoder node=n01 code=- latency_ms=0 req=r8134248 msg="leaving handler"
2026-03-14T01:35:25Z level=INFO service=notification-worker node=n07 code=- latency_ms=596 req=r9246981 msg="connection pool resized"
2026-03-14T01:35:52Z level=DEBUG service=checkout-web node=n10 code=- latency_ms=0 req=r4176814 msg="span started"
2026-03-14T01:36:17Z level=ERROR service=media-transcoder node=n09 code=E4090 latency_ms=1809 req=r8674322 msg="upstream timeout"
2026-03-14T01:36:53Z level=INFO service=auth-gateway node=n02 code=- latency_ms=1207 req=r1602526 msg="config reloaded"
2026-03-14T01:36:55Z level=WARN service=inventory-api node=n01 code=- latency_ms=690 req=r5274109 msg="queue depth above threshold"
2026-03-14T01:37:17Z level=INFO service=media-transcoder node=n12 code=- latency_ms=1761 req=r5337446 msg="config reloaded"
2026-03-14T01:37:39Z level=ERROR service=ledger-sync node=n05 code=E4053 latency_ms=1749 req=r8678649 msg="database connection refused"
2026-03-14T01:37:52Z level=INFO service=inventory-api node=n01 code=- latency_ms=416 req=r4526276 msg="connection pool resized"
2026-03-14T01:38:03Z level=ERROR service=ledger-sync node=n08 code=E4028 latency_ms=1083 req=r9912679 msg="disk quota exceeded"
2026-03-14T01:38:25Z level=DEBUG service=auth-gateway node=n05 code=- latency_ms=0 req=r9553750 msg="span started"
2026-03-14T01:38:32Z level=INFO service=ledger-sync node=n07 code=- latency_ms=1034 req=r4578059 msg="config reloaded"
2026-03-14T01:39:05Z level=DEBUG service=auth-gateway node=n03 code=- latency_ms=0 req=r1894200 msg="cache probe"
2026-03-14T01:39:07Z level=INFO service=media-transcoder node=n11 code=- latency_ms=1616 req=r8713998 msg="connection pool resized"
2026-03-14T01:39:09Z level=INFO service=billing-api node=n07 code=- latency_ms=1289 req=r3615071 msg="batch flushed"
2026-03-14T01:39:15Z level=INFO service=inventory-api node=n05 code=- latency_ms=2387 req=r7633549 msg="connection pool resized"
2026-03-14T01:39:34Z level=DEBUG service=search-indexer node=n07 code=- latency_ms=0 req=r7598452 msg="span started"
2026-03-14T01:39:56Z level=INFO service=notification-worker node=n03 code=- latency_ms=2204 req=r8673836 msg="connection pool resized"
2026-03-14T01:40:13Z level=DEBUG service=auth-gateway node=n05 code=- latency_ms=0 req=r9291486 msg="leaving handler"
2026-03-14T01:40:35Z level=INFO service=checkout-web node=n02 code=- latency_ms=1848 req=r3252743 msg="cache refreshed"
2026-03-14T01:40:54Z level=INFO service=auth-gateway node=n01 code=- latency_ms=1877 req=r3851787 msg="connection pool resized"
2026-03-14T01:40:57Z level=ERROR service=inventory-api node=n02 code=E4077 latency_ms=2422 req=r6547586 msg="upstream timeout"
2026-03-14T01:41:19Z level=INFO service=checkout-web node=n04 code=- latency_ms=98 req=r9541360 msg="cache refreshed"
2026-03-14T01:41:33Z level=INFO service=inventory-api node=n09 code=- latency_ms=1665 req=r5429211 msg="batch flushed"
2026-03-14T01:41:57Z level=INFO service=ledger-sync node=n11 code=- latency_ms=2304 req=r8013286 msg="config reloaded"
2026-03-14T01:42:14Z level=DEBUG service=notification-worker node=n06 code=- latency_ms=0 req=r5848308 msg="cache probe"
2026-03-14T01:42:18Z level=INFO service=billing-api node=n05 code=- latency_ms=451 req=r7388970 msg="connection pool resized"
2026-03-14T01:42:23Z level=INFO service=checkout-web node=n01 code=- latency_ms=2229 req=r4302608 msg="connection pool resized"
2026-03-14T01:42:50Z level=INFO service=ledger-sync node=n02 code=- latency_ms=1164 req=r5714834 msg="job scheduled"
2026-03-14T01:42:58Z level=DEBUG service=billing-api node=n10 code=- latency_ms=0 req=r7900005 msg="span finished"
2026-03-14T01:43:25Z level=INFO service=notification-worker node=n09 code=- latency_ms=1237 req=r3826274 msg="health check ok"
2026-03-14T01:43:57Z level=INFO service=ledger-sync node=n06 code=- latency_ms=960 req=r9369334 msg="config reloaded"
2026-03-14T01:44:16Z level=INFO service=search-indexer node=n01 code=- latency_ms=2029 req=r3471417 msg="batch flushed"
2026-03-14T01:44:39Z level=INFO service=media-transcoder node=n05 code=- latency_ms=2198 req=r3968198 msg="cache refreshed"
2026-03-14T01:45:06Z level=INFO service=checkout-web node=n09 code=- latency_ms=408 req=r6285529 msg="cache refreshed"
2026-03-14T01:45:21Z level=DEBUG service=notification-worker node=n02 code=- latency_ms=0 req=r1452913 msg="span finished"
2026-03-14T01:45:23Z level=INFO service=billing-api node=n04 code=- latency_ms=2271 req=r5436029 msg="health check ok"
2026-03-14T01:45:42Z level=WARN service=notification-worker node=n09 code=- latency_ms=754 req=r3870019 msg="rate limit approaching"
2026-03-14T01:45:47Z level=INFO service=billing-api node=n11 code=- latency_ms=1242 req=r9994385 msg="cache refreshed"
2026-03-14T01:46:02Z level=INFO service=search-indexer node=n04 code=- latency_ms=541 req=r9643560 msg="connection pool resized"
2026-03-14T01:46:28Z level=WARN service=search-indexer node=n04 code=- latency_ms=82 req=r4263717 msg="certificate expires soon"
2026-03-14T01:46:53Z level=INFO service=ledger-sync node=n09 code=- latency_ms=224 req=r3689081 msg="connection pool resized"
2026-03-14T01:47:02Z level=INFO service=auth-gateway node=n12 code=- latency_ms=1531 req=r6679778 msg="connection pool resized"
2026-03-14T01:47:03Z level=INFO service=inventory-api node=n07 code=- latency_ms=1259 req=r2802837 msg="config reloaded"
2026-03-14T01:47:08Z level=INFO service=notification-worker node=n08 code=- latency_ms=2249 req=r8188642 msg="cache refreshed"
2026-03-14T01:47:26Z level=INFO service=search-indexer node=n05 code=- latency_ms=2169 req=r5550394 msg="health check ok"
2026-03-14T01:47:49Z level=ERROR service=media-transcoder node=n01 code=E4074 latency_ms=1833 req=r3934913 msg="database connection refused"
2026-03-14T01:48:18Z level=INFO service=ledger-sync node=n02 code=- latency_ms=762 req=r4695091 msg="config reloaded"
2026-03-14T01:48:23Z level=INFO service=checkout-web node=n02 code=- latency_ms=1987 req=r2838412 msg="config reloaded"
2026-03-14T01:48:29Z level=WARN service=billing-api node=n05 code=- latency_ms=855 req=r1361007 msg="queue depth above threshold"
2026-03-14T01:48:40Z level=WARN service=inventory-api node=n03 code=- latency_ms=233 req=r5738193 msg="retrying upstream call"
2026-03-14T01:49:16Z level=WARN service=notification-worker node=n08 code=- latency_ms=627 req=r2774116 msg="certificate expires soon"
2026-03-14T01:49:45Z level=DEBUG service=ledger-sync node=n04 code=- latency_ms=0 req=r3430989 msg="cache probe"
2026-03-14T01:49:56Z level=WARN service=auth-gateway node=n06 code=- latency_ms=2486 req=r8805735 msg="retrying upstream call"
2026-03-14T01:50:19Z level=INFO service=inventory-api node=n09 code=- latency_ms=1274 req=r8650036 msg="health check ok"
2026-03-14T01:50:21Z level=WARN service=notification-worker node=n10 code=- latency_ms=756 req=r2836819 msg="rate limit approaching"
2026-03-14T01:50:30Z level=INFO service=ledger-sync node=n07 code=- latency_ms=2036 req=r1818378 msg="request completed"
2026-03-14T01:50:35Z level=INFO service=media-transcoder node=n07 code=- latency_ms=2277 req=r9146493 msg="connection pool resized"
2026-03-14T01:51:04Z level=WARN service=inventory-api node=n03 code=- latency_ms=2428 req=r4405012 msg="queue depth above threshold"
2026-03-14T01:51:05Z level=INFO service=media-transcoder node=n12 code=- latency_ms=1419 req=r7108793 msg="config reloaded"
2026-03-14T01:51:06Z level=WARN service=media-transcoder node=n12 code=- latency_ms=741 req=r8856347 msg="slow query detected"
2026-03-14T01:51:09Z level=INFO service=ledger-sync node=n06 code=- latency_ms=617 req=r4765956 msg="cache refreshed"
2026-03-14T01:51:43Z level=INFO service=auth-gateway node=n02 code=- latency_ms=1102 req=r3378978 msg="health check ok"
2026-03-14T01:52:04Z level=WARN service=checkout-web node=n06 code=- latency_ms=637 req=r5130242 msg="queue depth above threshold"
2026-03-14T01:52:30Z level=INFO service=checkout-web node=n09 code=- latency_ms=1727 req=r5472128 msg="batch flushed"
2026-03-14T01:52:56Z level=ERROR service=media-transcoder node=n04 code=E4060 latency_ms=1028 req=r6551728 msg="database connection refused"
2026-03-14T01:53:33Z level=INFO service=checkout-web node=n12 code=- latency_ms=1446 req=r3491338 msg="config reloaded"
2026-03-14T01:53:52Z level=DEBUG service=media-transcoder node=n05 code=- latency_ms=0 req=r6527128 msg="leaving handler"
2026-03-14T01:54:22Z level=DEBUG service=inventory-api node=n07 code=- latency_ms=0 req=r6152208 msg="leaving handler"
2026-03-14T01:54:23Z level=INFO service=inventory-api node=n10 code=- latency_ms=2096 req=r7469685 msg="batch flushed"
2026-03-14T01:54:47Z level=INFO service=media-transcoder node=n06 code=- latency_ms=1229 req=r3849032 msg="job scheduled"
2026-03-14T01:55:09Z level=INFO service=media-transcoder node=n06 code=- latency_ms=1970 req=r4896757 msg="cache refreshed"
2026-03-14T01:55:36Z level=INFO service=inventory-api node=n05 code=- latency_ms=358 req=r1793939 msg="job scheduled"
2026-03-14T01:56:05Z level=WARN service=notification-worker node=n08 code=- latency_ms=2064 req=r7089397 msg="queue depth above threshold"
2026-03-14T01:56:26Z level=WARN service=media-transcoder node=n09 code=- latency_ms=1210 req=r7211395 msg="slow query detected"
2026-03-14T01:56:50Z level=INFO service=media-transcoder node=n10 code=- latency_ms=2261 req=r9919939 msg="config reloaded"
2026-03-14T01:57:29Z level=INFO service=auth-gateway node=n09 code=- latency_ms=2362 req=r3349569 msg="request completed"
2026-03-14T01:57:59Z level=WARN service=inventory-api node=n10 code=- latency_ms=592 req=r3984266 msg="rate limit approaching"
2026-03-14T01:58:07Z level=DEBUG service=ledger-sync node=n09 code=- latency_ms=0 req=r1214651 msg="span finished"
2026-03-14T01:58:22Z level=INFO service=inventory-api node=n01 code=- latency_ms=163 req=r6717490 msg="connection pool resized"
2026-03-14T01:58:59Z level=INFO service=search-indexer node=n03 code=- latency_ms=1035 req=r1393994 msg="health check ok"
2026-03-14T01:59:26Z level=ERROR service=checkout-web node=n05 code=E4029 latency_ms=39 req=r8024930 msg="database connection refused"
2026-03-14T01:59:49Z level=INFO service=inventory-api node=n06 code=- latency_ms=1670 req=r9358500 msg="config reloaded"
2026-03-14T02:00:09Z level=DEBUG service=search-indexer node=n08 code=- latency_ms=0 req=r1844198 msg="entering handler"
2026-03-14T02:00:48Z level=WARN service=search-indexer node=n10 code=- latency_ms=1021 req=r6918196 msg="rate limit approaching"
2026-03-14T02:01:27Z level=INFO service=search-indexer node=n04 code=- latency_ms=1951 req=r4452059 msg="connection pool resized"
2026-03-14T02:02:02Z level=WARN service=ledger-sync node=n03 code=- latency_ms=2042 req=r3219279 msg="slow query detected"
2026-03-14T02:02:03Z level=WARN service=search-indexer node=n09 code=- latency_ms=2018 req=r2934736 msg="certificate expires soon"
2026-03-14T02:02:22Z level=INFO service=media-transcoder node=n04 code=- latency_ms=513 req=r6797990 msg="connection pool resized"
2026-03-14T02:02:29Z level=INFO service=ledger-sync node=n06 code=- latency_ms=1002 req=r4388685 msg="cache refreshed"
2026-03-14T02:02:46Z level=INFO service=checkout-web node=n04 code=- latency_ms=1462 req=r2281618 msg="health check ok"
2026-03-14T02:03:23Z level=INFO service=billing-api node=n07 code=- latency_ms=1355 req=r7563678 msg="job scheduled"
2026-03-14T02:03:57Z level=INFO service=media-transcoder node=n12 code=- latency_ms=1597 req=r3863440 msg="connection pool resized"
2026-03-14T02:04:30Z level=INFO service=checkout-web node=n06 code=- latency_ms=1872 req=r3485142 msg="cache refreshed"
2026-03-14T02:04:32Z level=INFO service=notification-worker node=n10 code=- latency_ms=2257 req=r3484578 msg="connection pool resized"
2026-03-14T02:04:33Z level=INFO service=media-transcoder node=n02 code=- latency_ms=2226 req=r5916735 msg="config reloaded"
2026-03-14T02:04:54Z level=WARN service=auth-gateway node=n03 code=- latency_ms=2101 req=r6919511 msg="retrying upstream call"
2026-03-14T02:05:21Z level=INFO service=billing-api node=n04 code=- latency_ms=1458 req=r7662865 msg="request completed"
2026-03-14T02:05:37Z level=INFO service=search-indexer node=n10 code=- latency_ms=1403 req=r6729094 msg="health check ok"
2026-03-14T02:06:13Z level=ERROR service=notification-worker node=n08 code=E4074 latency_ms=2006 req=r6641918 msg="unhandled exception in handler"
2026-03-14T02:06:37Z level=DEBUG service=search-indexer node=n10 code=- latency_ms=0 req=r1462943 msg="entering handler"
2026-03-14T02:06:59Z level=WARN service=media-transcoder node=n05 code=- latency_ms=37 req=r3781677 msg="queue depth above threshold"
2026-03-14T02:07:35Z level=INFO service=auth-gateway node=n11 code=- latency_ms=780 req=r7093618 msg="connection pool resized"
2026-03-14T02:08:00Z level=INFO service=notification-worker node=n09 code=- latency_ms=2310 req=r3564632 msg="config reloaded"
2026-03-14T02:08:01Z level=INFO service=auth-gateway node=n02 code=- latency_ms=2427 req=r1178662 msg="health check ok"
2026-03-14T02:08:17Z level=DEBUG service=inventory-api node=n01 code=- latency_ms=0 req=r3322145 msg="cache probe"
2026-03-14T02:08:23Z level=ERROR service=search-indexer node=n02 code=E4007 latency_ms=1202 req=r3701688 msg="unhandled exception in handler"
2026-03-14T02:08:40Z level=WARN service=billing-api node=n04 code=- latency_ms=1834 req=r4625537 msg="retrying upstream call"
2026-03-14T02:08:47Z level=INFO service=ledger-sync node=n01 code=- latency_ms=1573 req=r9858104 msg="config reloaded"
2026-03-14T02:08:59Z level=INFO service=search-indexer node=n10 code=- latency_ms=488 req=r4153607 msg="connection pool resized"
2026-03-14T02:09:34Z level=INFO service=checkout-web node=n07 code=- latency_ms=1683 req=r4467105 msg="health check ok"
2026-03-14T02:09:36Z level=INFO service=notification-worker node=n11 code=- latency_ms=277 req=r6733066 msg="job scheduled"
2026-03-14T02:09:47Z level=INFO service=notification-worker node=n01 code=- latency_ms=356 req=r3229285 msg="request completed"
2026-03-14T02:10:15Z level=DEBUG service=checkout-web node=n06 code=- latency_ms=0 req=r1965406 msg="span finished"
2026-03-14T02:10:19Z level=INFO service=checkout-web node=n11 code=- latency_ms=1591 req=r1547539 msg="cache refreshed"
2026-03-14T02:10:36Z level=ERROR service=media-transcoder node=n02 code=E4098 latency_ms=1179 req=r3832694 msg="upstream timeout"
2026-03-14T02:10:59Z level=DEBUG service=media-transcoder node=n12 code=- latency_ms=0 req=r2479632 msg="leaving handler"
2026-03-14T02:11:36Z level=INFO service=auth-gateway node=n04 code=- latency_ms=1751 req=r3855160 msg="connection pool resized"
2026-03-14T02:11:47Z level=DEBUG service=search-indexer node=n03 code=- latency_ms=0 req=r4588100 msg="span started"
2026-03-14T02:11:52Z level=DEBUG service=ledger-sync node=n11 code=- latency_ms=0 req=r8213937 msg="span started"
2026-03-14T02:12:09Z level=ERROR service=billing-api node=n12 code=E4050 latency_ms=2008 req=r7174390 msg="deserialization failed"
2026-03-14T02:12:29Z level=INFO service=search-indexer node=n02 code=- latency_ms=25 req=r7901635 msg="cache refreshed"
2026-03-14T02:12:34Z level=WARN service=ledger-sync node=n06 code=- latency_ms=1645 req=r1604059 msg="slow query detected"
2026-03-14T02:12:54Z level=INFO service=auth-gateway node=n05 code=- latency_ms=1243 req=r9258666 msg="config reloaded"
2026-03-14T02:13:02Z level=WARN service=checkout-web node=n11 code=- latency_ms=2498 req=r3005168 msg="queue depth above threshold"
2026-03-14T02:13:08Z level=DEBUG service=notification-worker node=n06 code=- latency_ms=0 req=r3753448 msg="entering handler"
2026-03-14T02:13:19Z level=INFO service=billing-api node=n11 code=- latency_ms=1439 req=r7661006 msg="request completed"
2026-03-14T02:13:46Z level=INFO service=media-transcoder node=n03 code=- latency_ms=1016 req=r5484656 msg="cache refreshed"
2026-03-14T02:14:15Z level=ERROR service=auth-gateway node=n12 code=E4076 latency_ms=1270 req=r2505956 msg="deserialization failed"
2026-03-14T02:14:34Z level=INFO service=auth-gateway node=n10 code=- latency_ms=2273 req=r4036270 msg="connection pool resized"
2026-03-14T02:14:46Z level=WARN service=ledger-sync node=n11 code=- latency_ms=173 req=r5075139 msg="slow query detected"
2026-03-14T02:15:18Z level=INFO service=auth-gateway node=n10 code=- latency_ms=632 req=r5091879 msg="config reloaded"
2026-03-14T02:15:33Z level=DEBUG service=auth-gateway node=n01 code=- latency_ms=0 req=r4843462 msg="entering handler"
2026-03-14T02:15:38Z level=INFO service=auth-gateway node=n12 code=- latency_ms=1763 req=r5046913 msg="job scheduled"
2026-03-14T02:16:13Z level=WARN service=checkout-web node=n09 code=- latency_ms=2410 req=r4370317 msg="certificate expires soon"
2026-03-14T02:16:42Z level=INFO service=billing-api node=n12 code=- latency_ms=471 req=r6827574 msg="request completed"
2026-03-14T02:16:51Z level=WARN service=search-indexer node=n04 code=- latency_ms=593 req=r1815707 msg="queue depth above threshold"
2026-03-14T02:17:21Z level=INFO service=search-indexer node=n03 code=- latency_ms=1536 req=r2776521 msg="cache refreshed"
2026-03-14T02:18:00Z level=INFO service=checkout-web node=n01 code=- latency_ms=1278 req=r8953728 msg="job scheduled"
2026-03-14T02:18:02Z level=DEBUG service=auth-gateway node=n02 code=- latency_ms=0 req=r5564646 msg="leaving handler"
2026-03-14T02:18:16Z level=DEBUG service=notification-worker node=n07 code=- latency_ms=0 req=r7928294 msg="leaving handler"
2026-03-14T02:18:23Z level=WARN service=search-indexer node=n04 code=- latency_ms=2042 req=r8819492 msg="rate limit approaching"
2026-03-14T02:18:59Z level=ERROR service=ledger-sync node=n04 code=E4044 latency_ms=92 req=r3113608 msg="disk quota exceeded"
2026-03-14T02:19:34Z level=INFO service=search-indexer node=n04 code=- latency_ms=2179 req=r7968647 msg="connection pool resized"
2026-03-14T02:19:42Z level=WARN service=media-transcoder node=n08 code=- latency_ms=701 req=r9332131 msg="certificate expires soon"
2026-03-14T02:19:43Z level=INFO service=search-indexer node=n05 code=- latency_ms=1964 req=r1815433 msg="batch flushed"
2026-03-14T02:20:09Z level=INFO service=search-indexer node=n02 code=- latency_ms=344 req=r7202873 msg="batch flushed"
2026-03-14T02:20:12Z level=INFO service=media-transcoder node=n09 code=- latency_ms=408 req=r2276575 msg="config reloaded"
2026-03-14T02:20:16Z level=WARN service=inventory-api node=n04 code=- latency_ms=1751 req=r2844460 msg="slow query detected"
2026-03-14T02:20:25Z level=WARN service=inventory-api node=n02 code=- latency_ms=1766 req=r7096380 msg="queue depth above threshold"
2026-03-14T02:20:28Z level=DEBUG service=checkout-web node=n07 code=- latency_ms=0 req=r7769485 msg="span finished"
2026-03-14T02:20:53Z level=ERROR service=notification-worker node=n05 code=E4016 latency_ms=2398 req=r8077989 msg="disk quota exceeded"
2026-03-14T02:21:16Z level=INFO service=media-transcoder node=n08 code=- latency_ms=203 req=r3017954 msg="job scheduled"
2026-03-14T02:21:23Z level=INFO service=ledger-sync node=n11 code=- latency_ms=2474 req=r7317375 msg="cache refreshed"
2026-03-14T02:21:39Z level=INFO service=billing-api node=n11 code=- latency_ms=316 req=r3219868 msg="config reloaded"
2026-03-14T02:22:12Z level=ERROR service=notification-worker node=n08 code=E4004 latency_ms=2004 req=r1099808 msg="disk quota exceeded"
2026-03-14T02:22:28Z level=WARN service=checkout-web node=n05 code=- latency_ms=1247 req=r4564560 msg="slow query detected"
2026-03-14T02:22:35Z level=INFO service=auth-gateway node=n02 code=- latency_ms=1057 req=r3569460 msg="health check ok"
2026-03-14T02:23:03Z level=INFO service=notification-worker node=n06 code=- latency_ms=299 req=r4923090 msg="cache refreshed"
2026-03-14T02:23:23Z level=ERROR service=billing-api node=n12 code=E4065 latency_ms=2031 req=r4328862 msg="deserialization failed"
2026-03-14T02:23:34Z level=ERROR service=checkout-web node=n03 code=E4050 latency_ms=111 req=r5018222 msg="unhandled exception in handler"
2026-03-14T02:24:02Z level=DEBUG service=checkout-web node=n04 code=- latency_ms=0 req=r3062771 msg="entering handler"
2026-03-14T02:24:04Z level=INFO service=notification-worker node=n04 code=- latency_ms=933 req=r5837426 msg="connection pool resized"
2026-03-14T02:24:29Z level=INFO service=search-indexer node=n01 code=- latency_ms=1896 req=r9755394 msg="health check ok"
2026-03-14T02:24:49Z level=DEBUG service=inventory-api node=n10 code=- latency_ms=0 req=r7184431 msg="cache probe"
2026-03-14T02:25:09Z level=ERROR service=search-indexer node=n01 code=E4091 latency_ms=502 req=r7416405 msg="unhandled exception in handler"
2026-03-14T02:25:12Z level=INFO service=inventory-api node=n08 code=- latency_ms=2384 req=r8994455 msg="cache refreshed"
2026-03-14T02:25:48Z level=DEBUG service=notification-worker node=n03 code=- latency_ms=0 req=r6465841 msg="entering handler"
2026-03-14T02:26:23Z level=INFO service=inventory-api node=n04 code=- latency_ms=1318 req=r8913410 msg="cache refreshed"
2026-03-14T02:26:35Z level=INFO service=inventory-api node=n07 code=- latency_ms=2102 req=r2192294 msg="cache refreshed"
2026-03-14T02:27:05Z level=INFO service=ledger-sync node=n07 code=- latency_ms=658 req=r6137397 msg="cache refreshed"
2026-03-14T02:27:10Z level=INFO service=notification-worker node=n03 code=- latency_ms=767 req=r1276298 msg="health check ok"
2026-03-14T02:27:31Z level=INFO service=checkout-web node=n06 code=- latency_ms=1754 req=r4549384 msg="cache refreshed"
2026-03-14T02:27:40Z level=DEBUG service=search-indexer node=n08 code=- latency_ms=0 req=r6306289 msg="cache probe"
2026-03-14T02:27:43Z level=INFO service=notification-worker node=n01 code=- latency_ms=1260 req=r1782262 msg="cache refreshed"
2026-03-14T02:27:57Z level=INFO service=search-indexer node=n09 code=- latency_ms=1524 req=r9773683 msg="batch flushed"
2026-03-14T02:28:33Z level=INFO service=notification-worker node=n01 code=- latency_ms=575 req=r6738846 msg="request completed"
2026-03-14T02:28:39Z level=INFO service=billing-api node=n10 code=- latency_ms=247 req=r2244411 msg="batch flushed"
2026-03-14T02:29:00Z level=INFO service=auth-gateway node=n12 code=- latency_ms=1840 req=r1173209 msg="cache refreshed"
2026-03-14T02:29:38Z level=WARN service=inventory-api node=n03 code=- latency_ms=1736 req=r7671200 msg="retrying upstream call"
2026-03-14T02:29:40Z level=INFO service=inventory-api node=n12 code=- latency_ms=925 req=r5803634 msg="request completed"
2026-03-14T02:29:53Z level=WARN service=ledger-sync node=n02 code=- latency_ms=603 req=r3917509 msg="queue depth above threshold"
2026-03-14T02:29:56Z level=INFO service=checkout-web node=n11 code=- latency_ms=781 req=r1023167 msg="connection pool resized"
2026-03-14T02:30:33Z level=INFO service=auth-gateway node=n02 code=- latency_ms=2096 req=r8783677 msg="cache refreshed"
2026-03-14T02:31:07Z level=DEBUG service=search-indexer node=n12 code=- latency_ms=0 req=r1748333 msg="span finished"
2026-03-14T02:31:46Z level=INFO service=search-indexer node=n06 code=- latency_ms=1420 req=r9668755 msg="request completed"
2026-03-14T02:32:06Z level=INFO service=billing-api node=n12 code=- latency_ms=2253 req=r1950940 msg="connection pool resized"
2026-03-14T02:32:44Z level=INFO service=billing-api node=n10 code=- latency_ms=552 req=r8919262 msg="cache refreshed"
2026-03-14T02:33:20Z level=INFO service=ledger-sync node=n02 code=- latency_ms=45 req=r2626051 msg="connection pool resized"
2026-03-14T02:33:50Z level=DEBUG service=media-transcoder node=n03 code=- latency_ms=0 req=r9492733 msg="entering handler"
2026-03-14T02:33:52Z level=INFO service=checkout-web node=n09 code=- latency_ms=1394 req=r9429443 msg="health check ok"
2026-03-14T02:34:12Z level=INFO service=checkout-web node=n09 code=- latency_ms=2330 req=r9966561 msg="cache refreshed"
2026-03-14T02:34:29Z level=DEBUG service=notification-worker node=n04 code=- latency_ms=0 req=r7029325 msg="leaving handler"
2026-03-14T02:35:07Z level=ERROR service=billing-api node=n05 code=E4084 latency_ms=2071 req=r7730175 msg="unhandled exception in handler"
2026-03-14T02:35:16Z level=DEBUG service=inventory-api node=n01 code=- latency_ms=0 req=r1467620 msg="span finished"
2026-03-14T02:35:44Z level=INFO service=checkout-web node=n07 code=- latency_ms=176 req=r3897840 msg="config reloaded"
2026-03-14T02:35:56Z level=INFO service=search-indexer node=n10 code=- latency_ms=369 req=r2191668 msg="job scheduled"
2026-03-14T02:36:09Z level=INFO service=notification-worker node=n02 code=- latency_ms=1677 req=r5131454 msg="health check ok"
2026-03-14T02:36:19Z level=INFO service=billing-api node=n02 code=- latency_ms=2111 req=r9763178 msg="job scheduled"
2026-03-14T02:36:26Z level=DEBUG service=billing-api node=n05 code=- latency_ms=0 req=r8666045 msg="span started"
2026-03-14T02:36:29Z level=ERROR service=auth-gateway node=n12 code=E4043 latency_ms=272 req=r1490054 msg="database connection refused"
2026-03-14T02:37:04Z level=INFO service=billing-api node=n09 code=- latency_ms=1202 req=r6873103 msg="config reloaded"
2026-03-14T02:37:07Z level=INFO service=billing-api node=n04 code=- latency_ms=727 req=r9498077 msg="config reloaded"
2026-03-14T02:37:36Z level=DEBUG service=notification-worker node=n01 code=- latency_ms=0 req=r4988160 msg="cache probe"
2026-03-14T02:37:46Z level=DEBUG service=notification-worker node=n05 code=- latency_ms=0 req=r9362543 msg="span finished"
2026-03-14T02:37:47Z level=INFO service=ledger-sync node=n12 code=- latency_ms=2208 req=r8467774 msg="connection pool resized"
2026-03-14T02:38:18Z level=INFO service=notification-worker node=n04 code=- latency_ms=1036 req=r7722021 msg="connection pool resized"
2026-03-14T02:38:47Z level=INFO service=inventory-api node=n10 code=- latency_ms=2140 req=r1534148 msg="job scheduled"
2026-03-14T02:39:17Z level=INFO service=ledger-sync node=n08 code=- latency_ms=788 req=r3041492 msg="batch flushed"
2026-03-14T02:39:56Z level=INFO service=billing-api node=n02 code=- latency_ms=1826 req=r4978744 msg="health check ok"
2026-03-14T02:40:24Z level=ERROR service=search-indexer node=n07 code=E4056 latency_ms=1214 req=r9400499 msg="unhandled exception in handler"
2026-03-14T02:40:52Z level=INFO service=inventory-api node=n10 code=- latency_ms=1607 req=r7132834 msg="batch flushed"
2026-03-14T02:41:05Z level=INFO service=billing-api node=n10 code=- latency_ms=2169 req=r1736867 msg="job scheduled"
2026-03-14T02:41:38Z level=INFO service=notification-worker node=n11 code=- latency_ms=309 req=r6827010 msg="connection pool resized"
2026-03-14T02:41:42Z level=INFO service=billing-api node=n06 code=- latency_ms=39 req=r8128860 msg="connection pool resized"
2026-03-14T02:42:10Z level=WARN service=inventory-api node=n11 code=- latency_ms=466 req=r6570583 msg="certificate expires soon"
2026-03-14T02:42:44Z level=ERROR service=media-transcoder node=n06 code=E4000 latency_ms=1026 req=r1828375 msg="database connection refused"
2026-03-14T02:43:23Z level=WARN service=ledger-sync node=n05 code=- latency_ms=1458 req=r1232297 msg="certificate expires soon"
2026-03-14T02:43:44Z level=DEBUG service=search-indexer node=n09 code=- latency_ms=0 req=r8728682 msg="span finished"
2026-03-14T02:43:55Z level=INFO service=ledger-sync node=n07 code=- latency_ms=2435 req=r2063137 msg="health check ok"
2026-03-14T02:44:29Z level=INFO service=search-indexer node=n07 code=- latency_ms=2222 req=r3845253 msg="job scheduled"
2026-03-14T02:44:44Z level=ERROR service=search-indexer node=n08 code=E4011 latency_ms=135 req=r6210883 msg="deserialization failed"
2026-03-14T02:45:18Z level=INFO service=notification-worker node=n11 code=- latency_ms=1645 req=r3662318 msg="config reloaded"
2026-03-14T02:45:48Z level=ERROR service=checkout-web node=n05 code=E4041 latency_ms=2375 req=r2480695 msg="upstream timeout"
2026-03-14T02:46:11Z level=INFO service=notification-worker node=n01 code=- latency_ms=1194 req=r9678019 msg="cache refreshed"
2026-03-14T02:46:37Z level=INFO service=checkout-web node=n11 code=- latency_ms=637 req=r7395405 msg="cache refreshed"
2026-03-14T02:46:55Z level=ERROR service=ledger-sync node=n04 code=E4028 latency_ms=802 req=r7771861 msg="database connection refused"
2026-03-14T02:47:02Z level=DEBUG service=notification-worker node=n02 code=- latency_ms=0 req=r1280446 msg="span finished"
2026-03-14T02:47:40Z level=INFO service=notification-worker node=n02 code=- latency_ms=2395 req=r7992562 msg="request completed"
2026-03-14T02:47:46Z level=DEBUG service=ledger-sync node=n04 code=- latency_ms=0 req=r2785964 msg="span started"
2026-03-14T02:48:03Z level=INFO service=billing-api node=n02 code=- latency_ms=1958 req=r1140081 msg="batch flushed"
2026-03-14T02:48:20Z level=INFO service=media-transcoder node=n06 code=- latency_ms=1689 req=r9537356 msg="job scheduled"
2026-03-14T02:48:29Z level=INFO service=billing-api node=n12 code=- latency_ms=1525 req=r3979460 msg="connection pool resized"
2026-03-14T02:48:42Z level=INFO service=checkout-web node=n08 code=- latency_ms=2344 req=r9361918 msg="job scheduled"
2026-03-14T02:48:48Z level=WARN service=billing-api node=n07 code=- latency_ms=979 req=r8522071 msg="certificate expires soon"
2026-03-14T02:49:25Z level=INFO service=auth-gateway node=n03 code=- latency_ms=313 req=r9862383 msg="connection pool resized"
2026-03-14T02:49:44Z level=WARN service=inventory-api node=n12 code=- latency_ms=788 req=r5893775 msg="certificate expires soon"
2026-03-14T02:50:22Z level=INFO service=media-transcoder node=n10 code=- latency_ms=2308 req=r9582417 msg="connection pool resized"
2026-03-14T02:50:56Z level=INFO service=billing-api node=n08 code=- latency_ms=86 req=r4472266 msg="cache refreshed"
2026-03-14T02:51:23Z level=INFO service=auth-gateway node=n08 code=- latency_ms=573 req=r5902586 msg="request completed"
2026-03-14T02:51:43Z level=ERROR service=notification-worker node=n06 code=E4049 latency_ms=23 req=r8898100 msg="disk quota exceeded"
2026-03-14T02:51:53Z level=WARN service=checkout-web node=n10 code=- latency_ms=2107 req=r3022567 msg="rate limit approaching"
2026-03-14T02:52:19Z level=INFO service=ledger-sync node=n04 code=- latency_ms=599 req=r9854711 msg="request completed"
2026-03-14T02:52:57Z level=INFO service=auth-gateway node=n03 code=- latency_ms=629 req=r7320223 msg="health check ok"
2026-03-14T02:53:19Z level=INFO service=search-indexer node=n02 code=- latency_ms=2303 req=r5581026 msg="connection pool resized"
2026-03-14T02:53:24Z level=INFO service=auth-gateway node=n12 code=- latency_ms=1758 req=r2204441 msg="cache refreshed"
2026-03-14T02:53:33Z level=INFO service=auth-gateway node=n08 code=- latency_ms=1365 req=r5168077 msg="health check ok"
2026-03-14T02:53:51Z level=WARN service=notification-worker node=n07 code=- latency_ms=2367 req=r3977789 msg="slow query detected"
2026-03-14T02:54:03Z level=INFO service=inventory-api node=n01 code=- latency_ms=2042 req=r4187668 msg="health check ok"
2026-03-14T02:54:15Z level=INFO service=inventory-api node=n09 code=- latency_ms=1687 req=r9113402 msg="connection pool resized"
2026-03-14T02:54:48Z level=WARN service=inventory-api node=n03 code=- latency_ms=2227 req=r6261830 msg="certificate expires soon"
2026-03-14T02:54:49Z level=DEBUG service=search-indexer node=n07 code=- latency_ms=0 req=r9096135 msg="leaving handler"
2026-03-14T02:54:58Z level=INFO service=billing-api node=n07 code=- latency_ms=1373 req=r8759887 msg="cache refreshed"
2026-03-14T02:55:15Z level=ERROR service=auth-gateway node=n04 code=E4083 latency_ms=1851 req=r3238219 msg="unhandled exception in handler"
2026-03-14T02:55:32Z level=INFO service=ledger-sync node=n10 code=- latency_ms=149 req=r2360548 msg="request completed"
2026-03-14T02:55:53Z level=WARN service=search-indexer node=n02 code=- latency_ms=641 req=r5753338 msg="queue depth above threshold"
2026-03-14T02:56:28Z level=DEBUG service=checkout-web node=n02 code=- latency_ms=0 req=r1858512 msg="span started"
2026-03-14T02:56:29Z level=DEBUG service=ledger-sync node=n05 code=- latency_ms=0 req=r7436916 msg="cache probe"
2026-03-14T02:56:57Z level=INFO service=search-indexer node=n01 code=- latency_ms=1254 req=r5971024 msg="connection pool resized"
2026-03-14T02:57:28Z level=DEBUG service=notification-worker node=n01 code=- latency_ms=0 req=r7871383 msg="span started"
2026-03-14T02:57:38Z level=INFO service=notification-worker node=n10 code=- latency_ms=44 req=r9146966 msg="connection pool resized"
2026-03-14T02:57:45Z level=INFO service=ledger-sync node=n03 code=- latency_ms=326 req=r2192870 msg="connection pool resized"
2026-03-14T02:57:59Z level=INFO service=media-transcoder node=n03 code=- latency_ms=2152 req=r5300559 msg="config reloaded"
2026-03-14T02:58:26Z level=INFO service=billing-api node=n05 code=- latency_ms=1259 req=r9617518 msg="cache refreshed"
2026-03-14T02:58:50Z level=ERROR service=notification-worker node=n09 code=E4020 latency_ms=994 req=r1391498 msg="upstream timeout"
2026-03-14T02:59:18Z level=INFO service=media-transcoder node=n10 code=- latency_ms=2368 req=r5635237 msg="config reloaded"
2026-03-14T02:59:38Z level=DEBUG service=search-indexer node=n10 code=- latency_ms=0 req=r6067058 msg="entering handler"
2026-03-14T03:00:10Z level=WARN service=inventory-api node=n09 code=- latency_ms=2478 req=r5080276 msg="rate limit approaching"
2026-03-14T03:00:12Z level=INFO service=checkout-web node=n09 code=- latency_ms=2323 req=r6346894 msg="connection pool resized"
2026-03-14T03:00:17Z level=DEBUG service=checkout-web node=n11 code=- latency_ms=0 req=r7093270 msg="span finished"
2026-03-14T03:00:20Z level=DEBUG service=inventory-api node=n11 code=- latency_ms=0 req=r1889962 msg="cache probe"
2026-03-14T03:00:52Z level=INFO service=search-indexer node=n08 code=- latency_ms=309 req=r1877797 msg="cache refreshed"
2026-03-14T03:01:31Z level=INFO service=billing-api node=n12 code=- latency_ms=1610 req=r5279577 msg="config reloaded"
2026-03-14T03:02:07Z level=INFO service=auth-gateway node=n04 code=- latency_ms=283 req=r8743309 msg="health check ok"
2026-03-14T03:02:23Z level=INFO service=notification-worker node=n09 code=- latency_ms=434 req=r3941716 msg="health check ok"
2026-03-14T03:03:00Z level=INFO service=notification-worker node=n01 code=- latency_ms=2230 req=r2438340 msg="health check ok"
2026-03-14T03:03:25Z level=INFO service=notification-worker node=n03 code=- latency_ms=890 req=r9429044 msg="cache refreshed"
2026-03-14T03:03:58Z level=DEBUG service=auth-gateway node=n02 code=- latency_ms=0 req=r8531679 msg="cache probe"
2026-03-14T03:04:32Z level=INFO service=media-transcoder node=n03 code=- latency_ms=526 req=r5405899 msg="batch flushed"
2026-03-14T03:04:56Z level=WARN service=media-transcoder node=n04 code=- latency_ms=1797 req=r9083790 msg="rate limit approaching"
2026-03-14T03:05:29Z level=ERROR service=media-transcoder node=n03 code=E4005 latency_ms=2188 req=r1826775 msg="unhandled exception in handler"
2026-03-14T03:06:07Z level=ERROR service=checkout-web node=n01 code=E4053 latency_ms=1064 req=r1345080 msg="database connection refused"
2026-03-14T03:06:36Z level=DEBUG service=checkout-web node=n01 code=- latency_ms=0 req=r8272949 msg="cache probe"
2026-03-14T03:06:56Z level=INFO service=checkout-web node=n05 code=- latency_ms=927 req=r5147955 msg="config reloaded"
2026-03-14T03:07:25Z level=INFO service=search-indexer node=n01 code=- latency_ms=230 req=r1341134 msg="job scheduled"
2026-03-14T03:07:36Z level=DEBUG service=notification-worker node=n10 code=- latency_ms=0 req=r4129687 msg="span finished"
2026-03-14T03:08:13Z level=INFO service=auth-gateway node=n10 code=- latency_ms=1169 req=r7644329 msg="config reloaded"
2026-03-14T03:08:49Z level=WARN service=inventory-api node=n09 code=- latency_ms=2066 req=r2019138 msg="queue depth above threshold"
2026-03-14T03:08:53Z level=WARN service=billing-api node=n10 code=- latency_ms=2065 req=r4853658 msg="retrying upstream call"
2026-03-14T03:09:13Z level=ERROR service=search-indexer node=n05 code=E4042 latency_ms=1389 req=r3136752 msg="deserialization failed"
2026-03-14T03:09:30Z level=DEBUG service=checkout-web node=n08 code=- latency_ms=0 req=r7500244 msg="leaving handler"
2026-03-14T03:09:44Z level=DEBUG service=ledger-sync node=n09 code=- latency_ms=0 req=r7137161 msg="span finished"
2026-03-14T03:09:54Z level=INFO service=inventory-api node=n03 code=- latency_ms=120 req=r3631656 msg="connection pool resized"
2026-03-14T03:10:30Z level=INFO service=inventory-api node=n04 code=- latency_ms=1555 req=r6474059 msg="health check ok"
2026-03-14T03:10:47Z level=INFO service=ledger-sync node=n11 code=- latency_ms=2064 req=r8779570 msg="connection pool resized"
2026-03-14T03:11:10Z level=INFO service=notification-worker node=n05 code=- latency_ms=1729 req=r3618751 msg="batch flushed"
2026-03-14T03:11:29Z level=ERROR service=ledger-sync node=n09 code=E4059 latency_ms=1899 req=r9414295 msg="disk quota exceeded"
2026-03-14T03:11:44Z level=WARN service=ledger-sync node=n04 code=- latency_ms=473 req=r7033640 msg="queue depth above threshold"
2026-03-14T03:11:55Z level=INFO service=media-transcoder node=n05 code=- latency_ms=1974 req=r8389688 msg="job scheduled"
2026-03-14T03:12:11Z level=ERROR service=billing-api node=n03 code=E4042 latency_ms=1198 req=r6637011 msg="deserialization failed"
2026-03-14T03:12:16Z level=WARN service=ledger-sync node=n03 code=- latency_ms=2310 req=r8706229 msg="queue depth above threshold"
2026-03-14T03:12:34Z level=INFO service=checkout-web node=n05 code=- latency_ms=1099 req=r8285785 msg="health check ok"
2026-03-14T03:12:46Z level=DEBUG service=inventory-api node=n08 code=- latency_ms=0 req=r4840922 msg="entering handler"
2026-03-14T03:13:12Z level=WARN service=ledger-sync node=n01 code=- latency_ms=516 req=r8486051 msg="queue depth above threshold"
2026-03-14T03:13:28Z level=INFO service=media-transcoder node=n08 code=- latency_ms=1469 req=r7810115 msg="cache refreshed"
2026-03-14T03:13:34Z level=INFO service=checkout-web node=n03 code=- latency_ms=714 req=r7507079 msg="job scheduled"
2026-03-14T03:14:08Z level=ERROR service=billing-api node=n10 code=E4060 latency_ms=1387 req=r8195009 msg="deserialization failed"
2026-03-14T03:14:41Z level=INFO service=media-transcoder node=n12 code=- latency_ms=2476 req=r1570307 msg="request completed"
2026-03-14T03:15:17Z level=INFO service=media-transcoder node=n07 code=- latency_ms=806 req=r1495581 msg="batch flushed"
2026-03-14T03:15:30Z level=WARN service=media-transcoder node=n01 code=- latency_ms=1534 req=r2026986 msg="retrying upstream call"
2026-03-14T03:16:08Z level=WARN service=checkout-web node=n12 code=- latency_ms=1974 req=r5472018 msg="queue depth above threshold"
2026-03-14T03:16:16Z level=DEBUG service=media-transcoder node=n07 code=- latency_ms=0 req=r4529248 msg="entering handler"
2026-03-14T03:16:35Z level=INFO service=auth-gateway node=n11 code=- latency_ms=1732 req=r3104777 msg="cache refreshed"
2026-03-14T03:16:58Z level=INFO service=checkout-web node=n10 code=- latency_ms=971 req=r7713859 msg="batch flushed"
2026-03-14T03:17:23Z level=DEBUG service=auth-gateway node=n05 code=- latency_ms=0 req=r2785722 msg="cache probe"
2026-03-14T03:17:28Z level=INFO service=auth-gateway node=n02 code=- latency_ms=875 req=r1198448 msg="job scheduled"
2026-03-14T03:17:57Z level=INFO service=search-indexer node=n05 code=- latency_ms=350 req=r8885078 msg="config reloaded"
2026-03-14T03:18:14Z level=INFO service=billing-api node=n10 code=- latency_ms=1386 req=r9643482 msg="health check ok"
2026-03-14T03:18:33Z level=DEBUG service=auth-gateway node=n09 code=- latency_ms=0 req=r3554751 msg="cache probe"
2026-03-14T03:18:34Z level=INFO service=media-transcoder node=n08 code=- latency_ms=1658 req=r6863963 msg="connection pool resized"
2026-03-14T03:19:03Z level=WARN service=billing-api node=n01 code=- latency_ms=1578 req=r5699760 msg="queue depth above threshold"
2026-03-14T03:19:22Z level=INFO service=auth-gateway node=n09 code=- latency_ms=2456 req=r1471486 msg="health check ok"
2026-03-14T03:19:48Z level=INFO service=notification-worker node=n11 code=- latency_ms=1048 req=r6110999 msg="health check ok"
2026-03-14T03:20:11Z level=INFO service=media-transcoder node=n05 code=- latency_ms=1280 req=r1541013 msg="job scheduled"
2026-03-14T03:20:48Z level=DEBUG service=search-indexer node=n10 code=- latency_ms=0 req=r2599852 msg="cache probe"
2026-03-14T03:20:58Z level=INFO service=media-transcoder node=n09 code=- latency_ms=1138 req=r8381056 msg="batch flushed"
2026-03-14T03:21:01Z level=WARN service=notification-worker node=n05 code=- latency_ms=1495 req=r4787259 msg="slow query detected"
2026-03-14T03:21:22Z level=INFO service=search-indexer node=n07 code=- latency_ms=374 req=r9789188 msg="request completed"
2026-03-14T03:21:32Z level=INFO service=billing-api node=n12 code=- latency_ms=695 req=r8804148 msg="job scheduled"
2026-03-14T03:22:04Z level=DEBUG service=media-transcoder node=n03 code=- latency_ms=0 req=r7570650 msg="span finished"
2026-03-14T03:22:17Z level=WARN service=search-indexer node=n04 code=- latency_ms=223 req=r9950027 msg="certificate expires soon"
2026-03-14T03:22:46Z level=INFO service=media-transcoder node=n10 code=- latency_ms=1705 req=r5084049 msg="batch flushed"
2026-03-14T03:23:20Z level=INFO service=notification-worker node=n08 code=- latency_ms=1876 req=r4639325 msg="connection pool resized"
2026-03-14T03:23:26Z level=INFO service=media-transcoder node=n07 code=- latency_ms=1622 req=r5916770 msg="config reloaded"
2026-03-14T03:23:49Z level=INFO service=media-transcoder node=n09 code=- latency_ms=653 req=r9179298 msg="request completed"
2026-03-14T03:23:55Z level=INFO service=ledger-sync node=n06 code=- latency_ms=414 req=r9808128 msg="health check ok"
2026-03-14T03:24:05Z level=INFO service=billing-api node=n10 code=- latency_ms=2407 req=r4326719 msg="config reloaded"
2026-03-14T03:24:10Z level=DEBUG service=auth-gateway node=n09 code=- latency_ms=0 req=r9823600 msg="cache probe"
2026-03-14T03:24:42Z level=INFO service=media-transcoder node=n09 code=- latency_ms=537 req=r6658082 msg="health check ok"
2026-03-14T03:24:57Z level=INFO service=media-transcoder node=n01 code=- latency_ms=284 req=r2373477 msg="connection pool resized"
2026-03-14T03:25:10Z level=INFO service=auth-gateway node=n12 code=- latency_ms=1039 req=r6344949 msg="batch flushed"
2026-03-14T03:25:40Z level=WARN service=auth-gateway node=n10 code=- latency_ms=1895 req=r8231706 msg="slow query detected"
2026-03-14T03:26:03Z level=ERROR service=ledger-sync node=n08 code=E4067 latency_ms=751 req=r5769505 msg="deserialization failed"
2026-03-14T03:26:15Z level=INFO service=search-indexer node=n12 code=- latency_ms=1205 req=r4305367 msg="config reloaded"
2026-03-14T03:26:19Z level=INFO service=inventory-api node=n01 code=- latency_ms=2065 req=r5547582 msg="connection pool resized"
2026-03-14T03:26:34Z level=WARN service=ledger-sync node=n12 code=- latency_ms=389 req=r4710950 msg="retrying upstream call"
2026-03-14T03:27:08Z level=ERROR service=media-transcoder node=n04 code=E4009 latency_ms=2440 req=r7223199 msg="upstream timeout"
2026-03-14T03:27:09Z level=INFO service=checkout-web node=n09 code=- latency_ms=872 req=r4595546 msg="request completed"
2026-03-14T03:27:16Z level=INFO service=billing-api node=n11 code=- latency_ms=1480 req=r1406236 msg="job scheduled"
2026-03-14T03:27:47Z level=INFO service=inventory-api node=n06 code=- latency_ms=877 req=r2754966 msg="job scheduled"
2026-03-14T03:27:58Z level=INFO service=inventory-api node=n05 code=- latency_ms=1590 req=r3725906 msg="health check ok"
2026-03-14T03:28:01Z level=DEBUG service=ledger-sync node=n03 code=- latency_ms=0 req=r4839079 msg="cache probe"
2026-03-14T03:28:24Z level=INFO service=billing-api node=n10 code=- latency_ms=2103 req=r9600046 msg="cache refreshed"
2026-03-14T03:28:27Z level=ERROR service=search-indexer node=n08 code=E4063 latency_ms=1771 req=r8891101 msg="unhandled exception in handler"
2026-03-14T03:29:00Z level=WARN service=media-transcoder node=n06 code=- latency_ms=1092 req=r9476105 msg="queue depth above threshold"
2026-03-14T03:29:32Z level=INFO service=billing-api node=n07 code=- latency_ms=2386 req=r1853335 msg="batch flushed"
2026-03-14T03:30:02Z level=INFO service=inventory-api node=n09 code=- latency_ms=1871 req=r1167200 msg="connection pool resized"
2026-03-14T03:30:30Z level=INFO service=notification-worker node=n10 code=- latency_ms=1625 req=r8968775 msg="cache refreshed"
2026-03-14T03:30:42Z level=INFO service=inventory-api node=n07 code=- latency_ms=1723 req=r6045392 msg="cache refreshed"
2026-03-14T03:31:12Z level=ERROR service=billing-api node=n10 code=E4039 latency_ms=1087 req=r4706925 msg="database connection refused"
2026-03-14T03:31:18Z level=INFO service=billing-api node=n09 code=- latency_ms=1609 req=r7097692 msg="cache refreshed"
2026-03-14T03:31:34Z level=INFO service=checkout-web node=n05 code=- latency_ms=2066 req=r4109957 msg="batch flushed"
2026-03-14T03:31:51Z level=INFO service=auth-gateway node=n06 code=- latency_ms=1132 req=r6710087 msg="health check ok"
2026-03-14T03:32:07Z level=INFO service=search-indexer node=n10 code=- latency_ms=1976 req=r5984247 msg="job scheduled"
2026-03-14T03:32:40Z level=WARN service=media-transcoder node=n02 code=- latency_ms=1789 req=r2691977 msg="certificate expires soon"
2026-03-14T03:33:06Z level=INFO service=media-transcoder node=n11 code=- latency_ms=1437 req=r6514789 msg="batch flushed"
2026-03-14T03:33:29Z level=DEBUG service=notification-worker node=n01 code=- latency_ms=0 req=r3456556 msg="cache probe"
2026-03-14T03:33:39Z level=INFO service=inventory-api node=n12 code=- latency_ms=494 req=r4815659 msg="health check ok"
2026-03-14T03:34:08Z level=INFO service=checkout-web node=n02 code=- latency_ms=751 req=r3574143 msg="batch flushed"
2026-03-14T03:34:21Z level=INFO service=search-indexer node=n05 code=- latency_ms=1798 req=r5972049 msg="cache refreshed"
2026-03-14T03:34:51Z level=WARN service=auth-gateway node=n10 code=- latency_ms=1433 req=r8617228 msg="queue depth above threshold"
2026-03-14T03:35:23Z level=ERROR service=ledger-sync node=n01 code=E4045 latency_ms=1716 req=r1425325 msg="disk quota exceeded"
2026-03-14T03:35:48Z level=INFO service=media-transcoder node=n08 code=- latency_ms=997 req=r3185480 msg="cache refreshed"
2026-03-14T03:36:12Z level=INFO service=auth-gateway node=n09 code=- latency_ms=840 req=r8681578 msg="request completed"
2026-03-14T03:36:28Z level=INFO service=auth-gateway node=n07 code=- latency_ms=839 req=r6957420 msg="job scheduled"
2026-03-14T03:36:55Z level=WARN service=inventory-api node=n01 code=- latency_ms=1778 req=r3375427 msg="slow query detected"
2026-03-14T03:37:27Z level=INFO service=media-transcoder node=n01 code=- latency_ms=1900 req=r1580390 msg="request completed"
2026-03-14T03:37:46Z level=WARN service=media-transcoder node=n09 code=- latency_ms=108 req=r8862442 msg="rate limit approaching"
2026-03-14T03:38:07Z level=INFO service=search-indexer node=n04 code=- latency_ms=387 req=r8571096 msg="config reloaded"
2026-03-14T03:38:17Z level=INFO service=checkout-web node=n09 code=- latency_ms=238 req=r4795593 msg="connection pool resized"
2026-03-14T03:38:30Z level=INFO service=billing-api node=n05 code=- latency_ms=1534 req=r4937738 msg="connection pool resized"
2026-03-14T03:39:06Z level=INFO service=media-transcoder node=n07 code=- latency_ms=155 req=r3699113 msg="health check ok"
2026-03-14T03:39:27Z level=DEBUG service=checkout-web node=n05 code=- latency_ms=0 req=r6410792 msg="cache probe"
2026-03-14T03:40:04Z level=INFO service=checkout-web node=n07 code=- latency_ms=676 req=r1880144 msg="batch flushed"
2026-03-14T03:40:34Z level=INFO service=search-indexer node=n08 code=- latency_ms=2213 req=r7557708 msg="config reloaded"
2026-03-14T03:40:41Z level=DEBUG service=notification-worker node=n07 code=- latency_ms=0 req=r6124039 msg="entering handler"
2026-03-14T03:41:05Z level=DEBUG service=checkout-web node=n01 code=- latency_ms=0 req=r1784313 msg="span started"
2026-03-14T03:41:35Z level=INFO service=auth-gateway node=n08 code=- latency_ms=1780 req=r8250174 msg="health check ok"
2026-03-14T03:42:11Z level=ERROR service=inventory-api node=n08 code=E4054 latency_ms=468 req=r2113329 msg="database connection refused"
2026-03-14T03:42:50Z level=ERROR service=billing-api node=n10 code=E4057 latency_ms=1825 req=r7752408 msg="unhandled exception in handler"
2026-03-14T03:42:54Z level=WARN service=inventory-api node=n10 code=- latency_ms=879 req=r9004739 msg="retrying upstream call"
2026-03-14T03:42:57Z level=DEBUG service=billing-api node=n06 code=- latency_ms=0 req=r5585408 msg="cache probe"
2026-03-14T03:43:08Z level=INFO service=notification-worker node=n01 code=- latency_ms=62 req=r5257781 msg="config reloaded"
2026-03-14T03:43:26Z level=INFO service=auth-gateway node=n08 code=- latency_ms=2213 req=r9096550 msg="job scheduled"
2026-03-14T03:43:41Z level=WARN service=auth-gateway node=n01 code=- latency_ms=757 req=r2894074 msg="certificate expires soon"
2026-03-14T03:43:54Z level=WARN service=inventory-api node=n03 code=- latency_ms=1004 req=r4119391 msg="queue depth above threshold"
2026-03-14T03:44:26Z level=ERROR service=ledger-sync node=n10 code=E4056 latency_ms=2010 req=r9043400 msg="disk quota exceeded"
2026-03-14T03:45:02Z level=INFO service=auth-gateway node=n11 code=- latency_ms=1150 req=r2296482 msg="health check ok"
2026-03-14T03:45:06Z level=ERROR service=inventory-api node=n08 code=E4002 latency_ms=1736 req=r3385520 msg="disk quota exceeded"
2026-03-14T03:45:11Z level=DEBUG service=inventory-api node=n04 code=- latency_ms=0 req=r7570642 msg="entering handler"
2026-03-14T03:45:40Z level=INFO service=checkout-web node=n07 code=- latency_ms=30 req=r4097518 msg="config reloaded"
2026-03-14T03:46:02Z level=WARN service=billing-api node=n04 code=- latency_ms=1158 req=r7402533 msg="slow query detected"
2026-03-14T03:46:27Z level=WARN service=auth-gateway node=n02 code=- latency_ms=613 req=r4010079 msg="certificate expires soon"
2026-03-14T03:47:02Z level=INFO service=inventory-api node=n04 code=- latency_ms=1100 req=r4465908 msg="batch flushed"
2026-03-14T03:47:11Z level=INFO service=inventory-api node=n06 code=- latency_ms=1987 req=r5556559 msg="connection pool resized"
2026-03-14T03:47:18Z level=WARN service=notification-worker node=n09 code=- latency_ms=1205 req=r9042079 msg="rate limit approaching"
2026-03-14T03:47:20Z level=INFO service=inventory-api node=n02 code=- latency_ms=2257 req=r9350563 msg="health check ok"
2026-03-14T03:47:59Z level=INFO service=ledger-sync node=n02 code=- latency_ms=237 req=r2655795 msg="job scheduled"
2026-03-14T03:48:18Z level=WARN service=media-transcoder node=n04 code=- latency_ms=308 req=r9169484 msg="slow query detected"
2026-03-14T03:48:28Z level=INFO service=inventory-api node=n05 code=- latency_ms=1243 req=r2710089 msg="job scheduled"
2026-03-14T03:48:42Z level=ERROR service=billing-api node=n11 code=E4025 latency_ms=222 req=r3099202 msg="database connection refused"
2026-03-14T03:48:50Z level=DEBUG service=ledger-sync node=n03 code=- latency_ms=0 req=r4540445 msg="entering handler"
2026-03-14T03:48:58Z level=ERROR service=checkout-web node=n09 code=E4082 latency_ms=1097 req=r5549644 msg="upstream timeout"
2026-03-14T03:49:35Z level=ERROR service=checkout-web node=n04 code=E4094 latency_ms=1703 req=r4460663 msg="database connection refused"
2026-03-14T03:49:55Z level=DEBUG service=inventory-api node=n03 code=- latency_ms=0 req=r1610858 msg="span started"
2026-03-14T03:50:29Z level=INFO service=auth-gateway node=n07 code=- latency_ms=238 req=r6858449 msg="request completed"
2026-03-14T03:51:08Z level=INFO service=checkout-web node=n05 code=- latency_ms=250 req=r6279695 msg="config reloaded"
2026-03-14T03:51:12Z level=DEBUG service=search-indexer node=n02 code=- latency_ms=0 req=r7721929 msg="leaving handler"
2026-03-14T03:51:48Z level=INFO service=billing-api node=n07 code=- latency_ms=24 req=r5451412 msg="request completed"
2026-03-14T03:51:57Z level=INFO service=notification-worker node=n01 code=- latency_ms=37 req=r7735328 msg="config reloaded"
2026-03-14T03:52:20Z level=INFO service=media-transcoder node=n03 code=- latency_ms=1447 req=r7714676 msg="connection pool resized"
2026-03-14T03:52:37Z level=ERROR service=auth-gateway node=n02 code=E4039 latency_ms=779 req=r5108086 msg="database connection refused"
2026-03-14T03:52:55Z level=DEBUG service=ledger-sync node=n11 code=- latency_ms=0 req=r7651964 msg="cache probe"
2026-03-14T03:52:58Z level=INFO service=notification-worker node=n03 code=- latency_ms=459 req=r3678315 msg="batch flushed"
2026-03-14T03:53:25Z level=INFO service=inventory-api node=n10 code=- latency_ms=1354 req=r2401989 msg="cache refreshed"
2026-03-14T03:53:56Z level=DEBUG service=billing-api node=n08 code=- latency_ms=0 req=r2943939 msg="span started"
2026-03-14T03:54:14Z level=INFO service=notification-worker node=n01 code=- latency_ms=1677 req=r9537751 msg="request completed"
2026-03-14T03:54:42Z level=INFO service=inventory-api node=n10 code=- latency_ms=1457 req=r8609333 msg="cache refreshed"
2026-03-14T03:55:00Z level=INFO service=ledger-sync node=n07 code=- latency_ms=521 req=r8719623 msg="health check ok"
2026-03-14T03:55:32Z level=INFO service=inventory-api node=n04 code=- latency_ms=1564 req=r9078118 msg="health check ok"
2026-03-14T03:56:03Z level=INFO service=search-indexer node=n10 code=- latency_ms=1500 req=r1389049 msg="config reloaded"
2026-03-14T03:56:09Z level=INFO service=ledger-sync node=n02 code=- latency_ms=723 req=r9583470 msg="cache refreshed"
2026-03-14T03:56:19Z level=INFO service=inventory-api node=n04 code=- latency_ms=329 req=r3599109 msg="job scheduled"
2026-03-14T03:56:39Z level=INFO service=billing-api node=n11 code=- latency_ms=658 req=r7129543 msg="health check ok"
2026-03-14T03:57:00Z level=DEBUG service=ledger-sync node=n10 code=- latency_ms=0 req=r1680505 msg="span started"
2026-03-14T03:57:37Z level=WARN service=search-indexer node=n05 code=- latency_ms=1349 req=r5380077 msg="rate limit approaching"
2026-03-14T03:57:51Z level=DEBUG service=media-transcoder node=n11 code=- latency_ms=0 req=r3610941 msg="span finished"
2026-03-14T03:58:18Z level=DEBUG service=billing-api node=n02 code=- latency_ms=0 req=r8719174 msg="entering handler"
2026-03-14T03:58:44Z level=WARN service=notification-worker node=n02 code=- latency_ms=1799 req=r8441223 msg="retrying upstream call"
2026-03-14T03:58:50Z level=DEBUG service=billing-api node=n02 code=- latency_ms=0 req=r8401812 msg="span finished"
2026-03-14T03:59:12Z level=DEBUG service=media-transcoder node=n08 code=- latency_ms=0 req=r1661293 msg="span started"
2026-03-14T03:59:39Z level=WARN service=media-transcoder node=n04 code=- latency_ms=2038 req=r7340293 msg="rate limit approaching"
2026-03-14T04:00:05Z level=WARN service=checkout-web node=n12 code=- latency_ms=357 req=r2806449 msg="rate limit approaching"
2026-03-14T04:00:37Z level=INFO service=media-transcoder node=n08 code=- latency_ms=1996 req=r1959381 msg="connection pool resized"
2026-03-14T04:00:49Z level=ERROR service=inventory-api node=n06 code=E4050 latency_ms=1697 req=r9155923 msg="upstream timeout"
2026-03-14T04:01:01Z level=INFO service=search-indexer node=n11 code=- latency_ms=470 req=r1681770 msg="cache refreshed"
2026-03-14T04:01:12Z level=INFO service=notification-worker node=n08 code=- latency_ms=2399 req=r1261880 msg="connection pool resized"
2026-03-14T04:01:40Z level=DEBUG service=ledger-sync node=n07 code=- latency_ms=0 req=r8218428 msg="span started"
2026-03-14T04:01:49Z level=INFO service=auth-gateway node=n03 code=- latency_ms=951 req=r3224678 msg="batch flushed"
2026-03-14T04:01:52Z level=DEBUG service=ledger-sync node=n11 code=- latency_ms=0 req=r1873712 msg="leaving handler"
2026-03-14T04:02:00Z level=WARN service=auth-gateway node=n10 code=- latency_ms=273 req=r9851578 msg="certificate expires soon"
2026-03-14T04:02:14Z level=DEBUG service=search-indexer node=n07 code=- latency_ms=0 req=r6168394 msg="leaving handler"
2026-03-14T04:02:19Z level=INFO service=notification-worker node=n06 code=- latency_ms=1910 req=r2869653 msg="cache refreshed"
2026-03-14T04:02:50Z level=DEBUG service=auth-gateway node=n04 code=- latency_ms=0 req=r8020942 msg="span finished"
2026-03-14T04:03:29Z level=INFO service=search-indexer node=n11 code=- latency_ms=782 req=r5332594 msg="request completed"
2026-03-14T04:03:32Z level=DEBUG service=checkout-web node=n06 code=- latency_ms=0 req=r9848650 msg="span finished"
2026-03-14T04:03:48Z level=INFO service=inventory-api node=n02 code=- latency_ms=1789 req=r5731902 msg="request completed"
2026-03-14T04:04:11Z level=INFO service=inventory-api node=n06 code=- latency_ms=1206 req=r9329960 msg="cache refreshed"
2026-03-14T04:04:45Z level=WARN service=auth-gateway node=n03 code=- latency_ms=166 req=r3607228 msg="rate limit approaching"
2026-03-14T04:04:54Z level=INFO service=inventory-api node=n02 code=- latency_ms=1945 req=r2858150 msg="job scheduled"
2026-03-14T04:05:32Z level=ERROR service=notification-worker node=n06 code=E4087 latency_ms=851 req=r2107637 msg="upstream timeout"
2026-03-14T04:06:03Z level=INFO service=search-indexer node=n03 code=- latency_ms=190 req=r6783422 msg="connection pool resized"
2026-03-14T04:06:12Z level=DEBUG service=search-indexer node=n06 code=- latency_ms=0 req=r4468459 msg="span finished"
2026-03-14T04:06:46Z level=WARN service=auth-gateway node=n04 code=- latency_ms=1348 req=r9510639 msg="slow query detected"
2026-03-14T04:06:52Z level=INFO service=search-indexer node=n09 code=- latency_ms=354 req=r9805989 msg="connection pool resized"
2026-03-14T04:07:07Z level=INFO service=auth-gateway node=n05 code=- latency_ms=70 req=r9106144 msg="cache refreshed"
2026-03-14T04:07:36Z level=WARN service=checkout-web node=n12 code=- latency_ms=2367 req=r8121189 msg="certificate expires soon"
2026-03-14T04:07:48Z level=INFO service=auth-gateway node=n11 code=- latency_ms=2256 req=r4546956 msg="request completed"
2026-03-14T04:08:23Z level=INFO service=billing-api node=n10 code=- latency_ms=365 req=r1540896 msg="cache refreshed"
2026-03-14T04:08:46Z level=INFO service=search-indexer node=n08 code=- latency_ms=2482 req=r9955445 msg="connection pool resized"
2026-03-14T04:09:15Z level=INFO service=inventory-api node=n05 code=- latency_ms=1498 req=r4983799 msg="cache refreshed"
2026-03-14T04:09:50Z level=DEBUG service=search-indexer node=n08 code=- latency_ms=0 req=r2209073 msg="span finished"
2026-03-14T04:10:12Z level=INFO service=ledger-sync node=n03 code=- latency_ms=2203 req=r4742741 msg="job scheduled"
2026-03-14T04:10:22Z level=INFO service=media-transcoder node=n08 code=- latency_ms=187 req=r2536531 msg="config reloaded"
2026-03-14T04:10:51Z level=WARN service=search-indexer node=n06 code=- latency_ms=1389 req=r3389203 msg="queue depth above threshold"
2026-03-14T04:10:58Z level=WARN service=ledger-sync node=n08 code=- latency_ms=886 req=r9741815 msg="retrying upstream call"
2026-03-14T04:11:24Z level=INFO service=inventory-api node=n07 code=- latency_ms=1325 req=r6799988 msg="job scheduled"
2026-03-14T04:11:45Z level=INFO service=search-indexer node=n06 code=- latency_ms=1081 req=r6806682 msg="batch flushed"
2026-03-14T04:12:22Z level=INFO service=notification-worker node=n07 code=- latency_ms=972 req=r8047866 msg="job scheduled"
2026-03-14T04:12:37Z level=INFO service=auth-gateway node=n06 code=- latency_ms=240 req=r9040244 msg="request completed"
2026-03-14T04:12:53Z level=WARN service=ledger-sync node=n05 code=- latency_ms=1966 req=r6366863 msg="slow query detected"
2026-03-14T04:12:58Z level=ERROR service=checkout-web node=n04 code=E4031 latency_ms=746 req=r9456051 msg="upstream timeout"
2026-03-14T04:13:13Z level=INFO service=checkout-web node=n12 code=- latency_ms=767 req=r3044081 msg="connection pool resized"
2026-03-14T04:13:39Z level=INFO service=auth-gateway node=n12 code=- latency_ms=844 req=r5868513 msg="batch flushed"
2026-03-14T04:13:56Z level=DEBUG service=inventory-api node=n11 code=- latency_ms=0 req=r8422316 msg="cache probe"
2026-03-14T04:14:02Z level=INFO service=billing-api node=n01 code=- latency_ms=878 req=r6147616 msg="batch flushed"
2026-03-14T04:14:18Z level=INFO service=notification-worker node=n05 code=- latency_ms=786 req=r2259384 msg="job scheduled"
2026-03-14T04:14:57Z level=WARN service=ledger-sync node=n06 code=- latency_ms=262 req=r4678205 msg="slow query detected"
2026-03-14T04:15:05Z level=DEBUG service=ledger-sync node=n02 code=- latency_ms=0 req=r1416781 msg="cache probe"
2026-03-14T04:15:24Z level=INFO service=ledger-sync node=n10 code=- latency_ms=2447 req=r6577024 msg="request completed"
2026-03-14T04:15:47Z level=INFO service=billing-api node=n10 code=- latency_ms=945 req=r6748020 msg="batch flushed"
2026-03-14T04:16:21Z level=DEBUG service=checkout-web node=n09 code=- latency_ms=0 req=r1273566 msg="span started"
2026-03-14T04:16:36Z level=INFO service=media-transcoder node=n06 code=- latency_ms=410 req=r6549193 msg="config reloaded"
2026-03-14T04:16:47Z level=DEBUG service=media-transcoder node=n09 code=- latency_ms=0 req=r5395330 msg="leaving handler"
2026-03-14T04:16:58Z level=INFO service=notification-worker node=n02 code=- latency_ms=618 req=r6254813 msg="cache refreshed"
2026-03-14T04:17:17Z level=ERROR service=notification-worker node=n06 code=E4000 latency_ms=681 req=r7190432 msg="database connection refused"
2026-03-14T04:17:50Z level=INFO service=search-indexer node=n06 code=- latency_ms=2318 req=r4732002 msg="batch flushed"
2026-03-14T04:17:53Z level=INFO service=inventory-api node=n09 code=- latency_ms=2062 req=r5919407 msg="request completed"
2026-03-14T04:18:09Z level=INFO service=billing-api node=n02 code=- latency_ms=2178 req=r8962398 msg="cache refreshed"
2026-03-14T04:18:40Z level=INFO service=ledger-sync node=n01 code=- latency_ms=2242 req=r4069620 msg="config reloaded"
2026-03-14T04:18:41Z level=INFO service=media-transcoder node=n12 code=- latency_ms=142 req=r8171910 msg="config reloaded"
2026-03-14T04:18:56Z level=INFO service=search-indexer node=n04 code=- latency_ms=1484 req=r3391577 msg="job scheduled"
2026-03-14T04:19:20Z level=INFO service=billing-api node=n06 code=- latency_ms=643 req=r8547508 msg="cache refreshed"
2026-03-14T04:19:50Z level=ERROR service=auth-gateway node=n04 code=E4022 latency_ms=2274 req=r6058538 msg="deserialization failed"
2026-03-14T04:20:23Z level=INFO service=search-indexer node=n05 code=- latency_ms=464 req=r6750403 msg="request completed"
2026-03-14T04:20:41Z level=DEBUG service=ledger-sync node=n09 code=- latency_ms=0 req=r4683386 msg="entering handler"
2026-03-14T04:21:13Z level=WARN service=checkout-web node=n08 code=- latency_ms=2171 req=r8581278 msg="rate limit approaching"
2026-03-14T04:21:20Z level=ERROR service=search-indexer node=n09 code=E4064 latency_ms=703 req=r3803209 msg="deserialization failed"
2026-03-14T04:21:42Z level=INFO service=auth-gateway node=n10 code=- latency_ms=54 req=r4478312 msg="job scheduled"
2026-03-14T04:22:04Z level=INFO service=checkout-web node=n01 code=- latency_ms=73 req=r8482506 msg="batch flushed"
2026-03-14T04:22:38Z level=DEBUG service=notification-worker node=n10 code=- latency_ms=0 req=r8386799 msg="span started"
2026-03-14T04:23:09Z level=ERROR service=ledger-sync node=n06 code=E4034 latency_ms=843 req=r9694472 msg="unhandled exception in handler"
2026-03-14T04:23:43Z level=INFO service=notification-worker node=n12 code=- latency_ms=2194 req=r6902560 msg="cache refreshed"
2026-03-14T04:24:17Z level=DEBUG service=search-indexer node=n10 code=- latency_ms=0 req=r4633645 msg="span started"
2026-03-14T04:24:46Z level=INFO service=inventory-api node=n07 code=- latency_ms=64 req=r7791446 msg="batch flushed"
2026-03-14T04:24:47Z level=DEBUG service=auth-gateway node=n09 code=- latency_ms=0 req=r4381047 msg="span started"
2026-03-14T04:25:12Z level=WARN service=media-transcoder node=n07 code=- latency_ms=202 req=r3217506 msg="certificate expires soon"
2026-03-14T04:25:31Z level=INFO service=billing-api node=n04 code=- latency_ms=1014 req=r6947742 msg="connection pool resized"
2026-03-14T04:25:56Z level=INFO service=billing-api node=n12 code=- latency_ms=756 req=r6752608 msg="job scheduled"
2026-03-14T04:26:20Z level=DEBUG service=checkout-web node=n10 code=- latency_ms=0 req=r5004290 msg="cache probe"
2026-03-14T04:26:25Z level=INFO service=notification-worker node=n10 code=- latency_ms=1780 req=r5832690 msg="job scheduled"
2026-03-14T04:26:42Z level=INFO service=checkout-web node=n04 code=- latency_ms=1835 req=r3566099 msg="batch flushed"
2026-03-14T04:27:15Z level=DEBUG service=notification-worker node=n07 code=- latency_ms=0 req=r9019446 msg="cache probe"
2026-03-14T04:27:29Z level=INFO service=inventory-api node=n02 code=- latency_ms=313 req=r6551562 msg="connection pool resized"
2026-03-14T04:27:33Z level=ERROR service=inventory-api node=n04 code=E4040 latency_ms=1335 req=r6237337 msg="upstream timeout"
2026-03-14T04:27:52Z level=WARN service=checkout-web node=n06 code=- latency_ms=287 req=r1450522 msg="retrying upstream call"
2026-03-14T04:28:22Z level=WARN service=search-indexer node=n03 code=- latency_ms=1364 req=r9079631 msg="certificate expires soon"
2026-03-14T04:28:43Z level=WARN service=media-transcoder node=n10 code=- latency_ms=1285 req=r6236788 msg="slow query detected"
2026-03-14T04:29:10Z level=INFO service=billing-api node=n07 code=- latency_ms=366 req=r1213605 msg="cache refreshed"
2026-03-14T04:29:15Z level=INFO service=checkout-web node=n06 code=- latency_ms=2165 req=r9605896 msg="cache refreshed"
2026-03-14T04:29:53Z level=INFO service=auth-gateway node=n01 code=- latency_ms=1577 req=r9316969 msg="request completed"
2026-03-14T04:30:15Z level=WARN service=checkout-web node=n02 code=- latency_ms=442 req=r1137414 msg="queue depth above threshold"
2026-03-14T04:30:37Z level=ERROR service=checkout-web node=n05 code=E4057 latency_ms=516 req=r6209575 msg="unhandled exception in handler"
2026-03-14T04:30:42Z level=INFO service=ledger-sync node=n02 code=- latency_ms=522 req=r1261757 msg="cache refreshed"
2026-03-14T04:31:11Z level=INFO service=ledger-sync node=n08 code=- latency_ms=896 req=r8905226 msg="cache refreshed"
2026-03-14T04:31:38Z level=INFO service=auth-gateway node=n03 code=- latency_ms=1991 req=r7965040 msg="connection pool resized"
2026-03-14T04:31:57Z level=WARN service=media-transcoder node=n02 code=- latency_ms=1211 req=r5039244 msg="retrying upstream call"
2026-03-14T04:32:08Z level=DEBUG service=inventory-api node=n02 code=- latency_ms=0 req=r2848413 msg="span started"
2026-03-14T04:32:23Z level=INFO service=inventory-api node=n04 code=- latency_ms=1807 req=r9856586 msg="batch flushed"
2026-03-14T04:32:42Z level=INFO service=ledger-sync node=n10 code=- latency_ms=159 req=r7812826 msg="cache refreshed"
2026-03-14T04:33:04Z level=DEBUG service=billing-api node=n12 code=- latency_ms=0 req=r7167216 msg="entering handler"
2026-03-14T04:33:17Z level=ERROR service=ledger-sync node=n01 code=E4081 latency_ms=1830 req=r3915971 msg="disk quota exceeded"
2026-03-14T04:33:41Z level=WARN service=inventory-api node=n12 code=- latency_ms=2346 req=r6755503 msg="slow query detected"
2026-03-14T04:34:05Z level=WARN service=ledger-sync node=n04 code=- latency_ms=2000 req=r2276270 msg="retrying upstream call"
2026-03-14T04:34:09Z level=INFO service=ledger-sync node=n08 code=- latency_ms=2010 req=r7904320 msg="cache refreshed"
2026-03-14T04:34:28Z level=DEBUG service=search-indexer node=n10 code=- latency_ms=0 req=r3050769 msg="leaving handler"
2026-03-14T04:34:57Z level=INFO service=inventory-api node=n03 code=- latency_ms=123 req=r2359558 msg="config reloaded"
2026-03-14T04:35:16Z level=DEBUG service=inventory-api node=n08 code=- latency_ms=0 req=r1628003 msg="entering handler"
2026-03-14T04:35:22Z level=INFO service=ledger-sync node=n06 code=- latency_ms=1945 req=r3582454 msg="config reloaded"
2026-03-14T04:35:28Z level=WARN service=checkout-web node=n05 code=- latency_ms=1396 req=r2181616 msg="rate limit approaching"
2026-03-14T04:35:50Z level=DEBUG service=media-transcoder node=n09 code=- latency_ms=0 req=r8337709 msg="cache probe"
2026-03-14T04:36:06Z level=WARN service=ledger-sync node=n02 code=- latency_ms=587 req=r9429302 msg="queue depth above threshold"
2026-03-14T04:36:17Z level=INFO service=auth-gateway node=n08 code=- latency_ms=1567 req=r3125093 msg="request completed"
2026-03-14T04:36:24Z level=WARN service=media-transcoder node=n01 code=- latency_ms=1648 req=r9269600 msg="slow query detected"
2026-03-14T04:37:02Z level=WARN service=auth-gateway node=n01 code=- latency_ms=1595 req=r7277266 msg="queue depth above threshold"
2026-03-14T04:37:11Z level=INFO service=ledger-sync node=n01 code=- latency_ms=125 req=r5117108 msg="job scheduled"
2026-03-14T04:37:32Z level=DEBUG service=auth-gateway node=n04 code=- latency_ms=0 req=r2623082 msg="span finished"
2026-03-14T04:38:06Z level=DEBUG service=checkout-web node=n06 code=- latency_ms=0 req=r4712573 msg="leaving handler"
2026-03-14T04:38:12Z level=INFO service=auth-gateway node=n08 code=- latency_ms=2158 req=r4394896 msg="health check ok"
2026-03-14T04:38:50Z level=INFO service=inventory-api node=n07 code=- latency_ms=2019 req=r2523471 msg="cache refreshed"
2026-03-14T04:39:10Z level=INFO service=auth-gateway node=n04 code=- latency_ms=92 req=r1058041 msg="config reloaded"
2026-03-14T04:39:48Z level=INFO service=media-transcoder node=n06 code=- latency_ms=1800 req=r9680496 msg="cache refreshed"
2026-03-14T04:40:05Z level=WARN service=media-transcoder node=n10 code=- latency_ms=845 req=r5575537 msg="retrying upstream call"
2026-03-14T04:40:30Z level=INFO service=notification-worker node=n02 code=- latency_ms=1626 req=r7262270 msg="health check ok"
2026-03-14T04:41:09Z level=INFO service=search-indexer node=n07 code=- latency_ms=204 req=r4778718 msg="config reloaded"
2026-03-14T04:41:35Z level=INFO service=inventory-api node=n01 code=- latency_ms=2141 req=r3659838 msg="request completed"
2026-03-14T04:41:52Z level=DEBUG service=checkout-web node=n08 code=- latency_ms=0 req=r6662791 msg="leaving handler"
2026-03-14T04:42:09Z level=INFO service=ledger-sync node=n09 code=- latency_ms=305 req=r7642765 msg="connection pool resized"
2026-03-14T04:42:28Z level=ERROR service=search-indexer node=n10 code=E4056 latency_ms=998 req=r8092041 msg="unhandled exception in handler"
2026-03-14T04:43:04Z level=INFO service=checkout-web node=n08 code=- latency_ms=2245 req=r2789526 msg="job scheduled"
2026-03-14T04:43:18Z level=INFO service=inventory-api node=n06 code=- latency_ms=1241 req=r5642769 msg="job scheduled"
2026-03-14T04:43:40Z level=INFO service=auth-gateway node=n11 code=- latency_ms=1623 req=r8077645 msg="job scheduled"
2026-03-14T04:43:55Z level=INFO service=search-indexer node=n08 code=- latency_ms=1710 req=r1862412 msg="health check ok"
2026-03-14T04:44:15Z level=WARN service=billing-api node=n01 code=- latency_ms=344 req=r7885040 msg="queue depth above threshold"
2026-03-14T04:44:20Z level=ERROR service=search-indexer node=n04 code=E4042 latency_ms=17 req=r2083337 msg="unhandled exception in handler"
2026-03-14T04:44:22Z level=ERROR service=ledger-sync node=n05 code=E4095 latency_ms=941 req=r5269840 msg="upstream timeout"
2026-03-14T04:44:59Z level=INFO service=inventory-api node=n02 code=- latency_ms=1094 req=r5126713 msg="health check ok"
2026-03-14T04:45:36Z level=DEBUG service=notification-worker node=n10 code=- latency_ms=0 req=r8754670 msg="entering handler"
2026-03-14T04:45:41Z level=INFO service=auth-gateway node=n03 code=- latency_ms=1667 req=r9823878 msg="health check ok"
2026-03-14T04:45:45Z level=INFO service=search-indexer node=n06 code=- latency_ms=1817 req=r9121196 msg="config reloaded"
2026-03-14T04:45:50Z level=INFO service=inventory-api node=n07 code=- latency_ms=2178 req=r5203908 msg="connection pool resized"
2026-03-14T04:46:07Z level=WARN service=search-indexer node=n07 code=- latency_ms=637 req=r3927522 msg="slow query detected"
2026-03-14T04:46:11Z level=INFO service=notification-worker node=n06 code=- latency_ms=362 req=r3850088 msg="batch flushed"
2026-03-14T04:46:15Z level=INFO service=auth-gateway node=n07 code=- latency_ms=1623 req=r9728597 msg="request completed"
2026-03-14T04:46:26Z level=INFO service=notification-worker node=n05 code=- latency_ms=986 req=r7181040 msg="job scheduled"
2026-03-14T04:47:04Z level=INFO service=media-transcoder node=n04 code=- latency_ms=986 req=r8693327 msg="cache refreshed"
2026-03-14T04:47:15Z level=ERROR service=inventory-api node=n06 code=E4057 latency_ms=1984 req=r6559939 msg="disk quota exceeded"
2026-03-14T04:47:40Z level=WARN service=inventory-api node=n06 code=- latency_ms=1994 req=r4304127 msg="certificate expires soon"
2026-03-14T04:48:08Z level=INFO service=media-transcoder node=n05 code=- latency_ms=1694 req=r6353222 msg="request completed"
2026-03-14T04:48:30Z level=ERROR service=media-transcoder node=n11 code=E4095 latency_ms=1298 req=r5017444 msg="unhandled exception in handler"
2026-03-14T04:49:03Z level=INFO service=ledger-sync node=n01 code=- latency_ms=2380 req=r2132750 msg="request completed"
2026-03-14T04:49:17Z level=WARN service=checkout-web node=n09 code=- latency_ms=1230 req=r6241657 msg="slow query detected"
2026-03-14T04:49:54Z level=INFO service=ledger-sync node=n04 code=- latency_ms=1659 req=r7454397 msg="batch flushed"
2026-03-14T04:49:56Z level=DEBUG service=notification-worker node=n02 code=- latency_ms=0 req=r1154571 msg="leaving handler"
2026-03-14T04:50:22Z level=INFO service=media-transcoder node=n12 code=- latency_ms=549 req=r7229674 msg="connection pool resized"
2026-03-14T04:50:30Z level=INFO service=auth-gateway node=n09 code=- latency_ms=548 req=r8073506 msg="job scheduled"
2026-03-14T04:50:48Z level=INFO service=ledger-sync node=n03 code=- latency_ms=424 req=r5462781 msg="config reloaded"
2026-03-14T04:51:06Z level=INFO service=media-transcoder node=n02 code=- latency_ms=2233 req=r3302485 msg="config reloaded"
2026-03-14T04:51:36Z level=INFO service=media-transcoder node=n04 code=- latency_ms=1177 req=r4407939 msg="connection pool resized"
2026-03-14T04:51:58Z level=WARN service=search-indexer node=n05 code=- latency_ms=1602 req=r4710502 msg="rate limit approaching"
2026-03-14T04:52:16Z level=ERROR service=notification-worker node=n05 code=E4085 latency_ms=2472 req=r9013424 msg="upstream timeout"
2026-03-14T04:52:17Z level=ERROR service=ledger-sync node=n01 code=E4092 latency_ms=1627 req=r3576577 msg="deserialization failed"
2026-03-14T04:52:41Z level=INFO service=billing-api node=n02 code=- latency_ms=217 req=r2287270 msg="health check ok"
2026-03-14T04:53:07Z level=DEBUG service=auth-gateway node=n09 code=- latency_ms=0 req=r6950533 msg="span started"
2026-03-14T04:53:22Z level=DEBUG service=search-indexer node=n05 code=- latency_ms=0 req=r4623466 msg="entering handler"
2026-03-14T04:53:47Z level=INFO service=ledger-sync node=n08 code=- latency_ms=2459 req=r6191373 msg="health check ok"
2026-03-14T04:54:22Z level=INFO service=search-indexer node=n03 code=- latency_ms=672 req=r8424067 msg="batch flushed"
2026-03-14T04:54:45Z level=ERROR service=ledger-sync node=n02 code=E4007 latency_ms=1013 req=r8003976 msg="upstream timeout"
2026-03-14T04:55:16Z level=WARN service=checkout-web node=n02 code=- latency_ms=465 req=r1577075 msg="rate limit approaching"
2026-03-14T04:55:38Z level=INFO service=media-transcoder node=n03 code=- latency_ms=485 req=r6322623 msg="job scheduled"
2026-03-14T04:56:13Z level=WARN service=notification-worker node=n09 code=- latency_ms=475 req=r5177051 msg="slow query detected"
2026-03-14T04:56:46Z level=WARN service=inventory-api node=n03 code=- latency_ms=2413 req=r3777614 msg="retrying upstream call"
2026-03-14T04:57:14Z level=DEBUG service=search-indexer node=n02 code=- latency_ms=0 req=r8121903 msg="entering handler"
2026-03-14T04:57:34Z level=INFO service=media-transcoder node=n02 code=- latency_ms=1346 req=r3464301 msg="connection pool resized"
2026-03-14T04:57:48Z level=INFO service=search-indexer node=n09 code=- latency_ms=1323 req=r4695585 msg="connection pool resized"
2026-03-14T04:58:04Z level=INFO service=ledger-sync node=n04 code=- latency_ms=1453 req=r4625316 msg="connection pool resized"
2026-03-14T04:58:18Z level=INFO service=media-transcoder node=n11 code=- latency_ms=2077 req=r9347390 msg="job scheduled"
2026-03-14T04:58:25Z level=INFO service=search-indexer node=n11 code=- latency_ms=639 req=r2730428 msg="cache refreshed"
2026-03-14T04:58:46Z level=INFO service=search-indexer node=n03 code=- latency_ms=308 req=r1676374 msg="config reloaded"
2026-03-14T04:59:01Z level=INFO service=notification-worker node=n02 code=- latency_ms=393 req=r3879383 msg="cache refreshed"
2026-03-14T04:59:29Z level=DEBUG service=ledger-sync node=n02 code=- latency_ms=0 req=r8220522 msg="cache probe"
2026-03-14T05:00:01Z level=WARN service=inventory-api node=n11 code=- latency_ms=940 req=r7101364 msg="rate limit approaching"
2026-03-14T05:00:05Z level=DEBUG service=media-transcoder node=n07 code=- latency_ms=0 req=r5670103 msg="span started"
2026-03-14T05:00:31Z level=ERROR service=ledger-sync node=n12 code=E4022 latency_ms=519 req=r8099672 msg="deserialization failed"
2026-03-14T05:00:39Z level=INFO service=ledger-sync node=n01 code=- latency_ms=2308 req=r4164499 msg="health check ok"
2026-03-14T05:01:14Z level=INFO service=media-transcoder node=n11 code=- latency_ms=2347 req=r3022638 msg="request completed"
2026-03-14T05:01:19Z level=INFO service=media-transcoder node=n06 code=- latency_ms=1731 req=r4233186 msg="cache refreshed"
2026-03-14T05:01:23Z level=INFO service=ledger-sync node=n03 code=- latency_ms=1946 req=r3765192 msg="health check ok"
2026-03-14T05:01:35Z level=ERROR service=notification-worker node=n02 code=E4025 latency_ms=2427 req=r4074133 msg="deserialization failed"
2026-03-14T05:02:11Z level=INFO service=ledger-sync node=n04 code=- latency_ms=353 req=r7450792 msg="request completed"
2026-03-14T05:02:50Z level=INFO service=search-indexer node=n05 code=- latency_ms=269 req=r7429692 msg="request completed"
2026-03-14T05:03:12Z level=WARN service=ledger-sync node=n08 code=- latency_ms=253 req=r4837426 msg="rate limit approaching"
2026-03-14T05:03:25Z level=WARN service=billing-api node=n10 code=- latency_ms=633 req=r2845704 msg="queue depth above threshold"
2026-03-14T05:03:42Z level=INFO service=inventory-api node=n09 code=- latency_ms=1772 req=r8218756 msg="health check ok"
2026-03-14T05:03:54Z level=WARN service=checkout-web node=n01 code=- latency_ms=1140 req=r8590735 msg="queue depth above threshold"
2026-03-14T05:04:33Z level=INFO service=checkout-web node=n01 code=- latency_ms=74 req=r5257269 msg="connection pool resized"
2026-03-14T05:04:53Z level=INFO service=notification-worker node=n07 code=- latency_ms=1820 req=r7048756 msg="cache refreshed"
2026-03-14T05:05:31Z level=INFO service=ledger-sync node=n01 code=- latency_ms=1073 req=r7847986 msg="job scheduled"
2026-03-14T05:05:50Z level=DEBUG service=auth-gateway node=n07 code=- latency_ms=0 req=r8866926 msg="leaving handler"
2026-03-14T05:05:59Z level=WARN service=checkout-web node=n11 code=- latency_ms=1007 req=r7551293 msg="retrying upstream call"
2026-03-14T05:06:30Z level=INFO service=checkout-web node=n11 code=- latency_ms=2141 req=r6789966 msg="job scheduled"
2026-03-14T05:07:09Z level=INFO service=inventory-api node=n01 code=- latency_ms=881 req=r7701718 msg="connection pool resized"
2026-03-14T05:07:25Z level=INFO service=auth-gateway node=n11 code=- latency_ms=59 req=r2087539 msg="request completed"
2026-03-14T05:08:01Z level=INFO service=checkout-web node=n03 code=- latency_ms=350 req=r8105861 msg="connection pool resized"
2026-03-14T05:08:33Z level=INFO service=media-transcoder node=n03 code=- latency_ms=1540 req=r7266840 msg="batch flushed"
2026-03-14T05:09:12Z level=INFO service=ledger-sync node=n03 code=- latency_ms=1174 req=r1553215 msg="config reloaded"
2026-03-14T05:09:44Z level=INFO service=auth-gateway node=n02 code=- latency_ms=2167 req=r2645527 msg="connection pool resized"
2026-03-14T05:10:12Z level=INFO service=ledger-sync node=n08 code=- latency_ms=1787 req=r9684284 msg="health check ok"
2026-03-14T05:10:45Z level=WARN service=checkout-web node=n05 code=- latency_ms=914 req=r6466273 msg="retrying upstream call"
2026-03-14T05:11:10Z level=INFO service=billing-api node=n04 code=- latency_ms=1236 req=r7758730 msg="cache refreshed"
2026-03-14T05:11:32Z level=INFO service=search-indexer node=n03 code=- latency_ms=963 req=r4390308 msg="job scheduled"
2026-03-14T05:11:47Z level=DEBUG service=notification-worker node=n05 code=- latency_ms=0 req=r6542974 msg="entering handler"
2026-03-14T05:11:57Z level=INFO service=checkout-web node=n06 code=- latency_ms=1977 req=r3330415 msg="health check ok"
2026-03-14T05:12:13Z level=ERROR service=auth-gateway node=n02 code=E4096 latency_ms=24 req=r8580658 msg="unhandled exception in handler"
2026-03-14T05:12:41Z level=WARN service=media-transcoder node=n11 code=- latency_ms=2398 req=r6456125 msg="retrying upstream call"
2026-03-14T05:12:55Z level=INFO service=media-transcoder node=n12 code=- latency_ms=1956 req=r1943697 msg="health check ok"
2026-03-14T05:13:29Z level=INFO service=ledger-sync node=n07 code=- latency_ms=832 req=r4980688 msg="job scheduled"
2026-03-14T05:13:51Z level=WARN service=media-transcoder node=n08 code=- latency_ms=31 req=r9275366 msg="certificate expires soon"
2026-03-14T05:14:05Z level=ERROR service=billing-api node=n06 code=E4020 latency_ms=1704 req=r7464734 msg="upstream timeout"
2026-03-14T05:14:29Z level=DEBUG service=auth-gateway node=n07 code=- latency_ms=0 req=r8421392 msg="leaving handler"
2026-03-14T05:14:32Z level=INFO service=notification-worker node=n09 code=- latency_ms=497 req=r2259021 msg="batch flushed"
2026-03-14T05:15:11Z level=INFO service=media-transcoder node=n08 code=- latency_ms=652 req=r6692263 msg="cache refreshed"
2026-03-14T05:15:41Z level=DEBUG service=notification-worker node=n05 code=- latency_ms=0 req=r5656600 msg="entering handler"
2026-03-14T05:15:46Z level=INFO service=notification-worker node=n05 code=- latency_ms=2297 req=r1102126 msg="cache refreshed"
2026-03-14T05:15:49Z level=INFO service=notification-worker node=n02 code=- latency_ms=170 req=r7658052 msg="connection pool resized"
2026-03-14T05:16:16Z level=INFO service=ledger-sync node=n03 code=- latency_ms=2259 req=r1380920 msg="batch flushed"
2026-03-14T05:16:42Z level=WARN service=inventory-api node=n05 code=- latency_ms=2372 req=r3531288 msg="queue depth above threshold"
2026-03-14T05:16:57Z level=WARN service=media-transcoder node=n01 code=- latency_ms=1485 req=r3911809 msg="rate limit approaching"
2026-03-14T05:17:09Z level=INFO service=ledger-sync node=n02 code=- latency_ms=2444 req=r9448127 msg="cache refreshed"
2026-03-14T05:17:20Z level=DEBUG service=billing-api node=n03 code=- latency_ms=0 req=r7201418 msg="span started"
2026-03-14T05:17:53Z level=INFO service=auth-gateway node=n09 code=- latency_ms=847 req=r7813583 msg="request completed"
2026-03-14T05:18:13Z level=ERROR service=billing-api node=n11 code=E4051 latency_ms=2457 req=r4521782 msg="database connection refused"
2026-03-14T05:18:43Z level=INFO service=auth-gateway node=n02 code=- latency_ms=955 req=r3919369 msg="job scheduled"
2026-03-14T05:18:51Z level=INFO service=media-transcoder node=n12 code=- latency_ms=833 req=r3861714 msg="batch flushed"
2026-03-14T05:18:59Z level=WARN service=ledger-sync node=n09 code=- latency_ms=530 req=r3498889 msg="queue depth above threshold"
2026-03-14T05:19:21Z level=INFO service=ledger-sync node=n09 code=- latency_ms=1956 req=r7938307 msg="health check ok"
2026-03-14T05:19:23Z level=INFO service=notification-worker node=n06 code=- latency_ms=2292 req=r3540855 msg="job scheduled"
2026-03-14T05:19:52Z level=INFO service=ledger-sync node=n12 code=- latency_ms=2315 req=r1295380 msg="health check ok"
2026-03-14T05:20:18Z level=WARN service=media-transcoder node=n07 code=- latency_ms=2030 req=r7161386 msg="certificate expires soon"
2026-03-14T05:20:54Z level=DEBUG service=checkout-web node=n04 code=- latency_ms=0 req=r7054851 msg="span finished"
2026-03-14T05:21:14Z level=DEBUG service=media-transcoder node=n04 code=- latency_ms=0 req=r6292462 msg="cache probe"
2026-03-14T05:21:39Z level=INFO service=media-transcoder node=n04 code=- latency_ms=1983 req=r1888962 msg="job scheduled"
2026-03-14T05:21:45Z level=INFO service=checkout-web node=n10 code=- latency_ms=2346 req=r4501667 msg="health check ok"
2026-03-14T05:21:50Z level=DEBUG service=auth-gateway node=n02 code=- latency_ms=0 req=r5439916 msg="span finished"
2026-03-14T05:22:02Z level=INFO service=search-indexer node=n03 code=- latency_ms=1537 req=r7314632 msg="config reloaded"
2026-03-14T05:22:20Z level=INFO service=search-indexer node=n05 code=- latency_ms=1357 req=r6529180 msg="health check ok"
2026-03-14T05:22:48Z level=INFO service=media-transcoder node=n09 code=- latency_ms=1267 req=r3379207 msg="batch flushed"
2026-03-14T05:23:19Z level=DEBUG service=inventory-api node=n06 code=- latency_ms=0 req=r4309748 msg="leaving handler"
2026-03-14T05:23:57Z level=INFO service=checkout-web node=n07 code=- latency_ms=1505 req=r4036883 msg="connection pool resized"
2026-03-14T05:24:29Z level=INFO service=media-transcoder node=n11 code=- latency_ms=1442 req=r2089770 msg="request completed"
2026-03-14T05:24:53Z level=ERROR service=billing-api node=n05 code=E4003 latency_ms=184 req=r7798063 msg="deserialization failed"
2026-03-14T05:24:54Z level=INFO service=notification-worker node=n12 code=- latency_ms=1366 req=r7790283 msg="connection pool resized"
2026-03-14T05:25:32Z level=INFO service=search-indexer node=n11 code=- latency_ms=1913 req=r1960443 msg="batch flushed"
2026-03-14T05:25:38Z level=INFO service=search-indexer node=n08 code=- latency_ms=979 req=r2436425 msg="health check ok"
2026-03-14T05:25:45Z level=INFO service=media-transcoder node=n09 code=- latency_ms=2012 req=r9829291 msg="job scheduled"
2026-03-14T05:26:00Z level=INFO service=ledger-sync node=n01 code=- latency_ms=880 req=r8785922 msg="config reloaded"
2026-03-14T05:26:20Z level=ERROR service=ledger-sync node=n03 code=E4010 latency_ms=1086 req=r5515019 msg="upstream timeout"
2026-03-14T05:26:31Z level=INFO service=billing-api node=n04 code=- latency_ms=1601 req=r1125565 msg="connection pool resized"
2026-03-14T05:26:39Z level=DEBUG service=auth-gateway node=n10 code=- latency_ms=0 req=r1648048 msg="entering handler"
2026-03-14T05:27:18Z level=INFO service=billing-api node=n11 code=- latency_ms=2016 req=r2478614 msg="request completed"
2026-03-14T05:27:51Z level=DEBUG service=search-indexer node=n09 code=- latency_ms=0 req=r9501575 msg="span started"
2026-03-14T05:28:08Z level=ERROR service=checkout-web node=n04 code=E4017 latency_ms=1996 req=r9926990 msg="deserialization failed"
2026-03-14T05:28:44Z level=ERROR service=checkout-web node=n03 code=E4004 latency_ms=1094 req=r1864622 msg="upstream timeout"
2026-03-14T05:29:14Z level=DEBUG service=billing-api node=n12 code=- latency_ms=0 req=r3808714 msg="cache probe"
2026-03-14T05:29:33Z level=INFO service=auth-gateway node=n04 code=- latency_ms=1418 req=r6383803 msg="request completed"
2026-03-14T05:30:05Z level=INFO service=ledger-sync node=n05 code=- latency_ms=1248 req=r4772670 msg="connection pool resized"
2026-03-14T05:30:37Z level=DEBUG service=notification-worker node=n04 code=- latency_ms=0 req=r1398980 msg="cache probe"
2026-03-14T05:30:54Z level=INFO service=search-indexer node=n10 code=- latency_ms=248 req=r2637159 msg="batch flushed"
2026-03-14T05:31:31Z level=INFO service=ledger-sync node=n05 code=- latency_ms=1164 req=r2476523 msg="request completed"
2026-03-14T05:31:49Z level=WARN service=checkout-web node=n11 code=- latency_ms=2223 req=r3448538 msg="rate limit approaching"
2026-03-14T05:32:24Z level=INFO service=media-transcoder node=n08 code=- latency_ms=80 req=r8234905 msg="batch flushed"
2026-03-14T05:32:30Z level=INFO service=ledger-sync node=n02 code=- latency_ms=1857 req=r9170617 msg="job scheduled"
2026-03-14T05:33:06Z level=ERROR service=notification-worker node=n03 code=E4065 latency_ms=1989 req=r1586021 msg="disk quota exceeded"
2026-03-14T05:33:33Z level=INFO service=search-indexer node=n03 code=- latency_ms=461 req=r2674023 msg="batch flushed"
2026-03-14T05:33:43Z level=INFO service=ledger-sync node=n11 code=- latency_ms=2238 req=r3085196 msg="health check ok"
2026-03-14T05:34:21Z level=WARN service=notification-worker node=n07 code=- latency_ms=1029 req=r8193380 msg="slow query detected"
2026-03-14T05:34:32Z level=WARN service=media-transcoder node=n12 code=- latency_ms=1713 req=r7338606 msg="retrying upstream call"
2026-03-14T05:34:39Z level=ERROR service=inventory-api node=n01 code=E4070 latency_ms=1010 req=r7656100 msg="deserialization failed"
2026-03-14T05:35:17Z level=INFO service=notification-worker node=n10 code=- latency_ms=439 req=r7661785 msg="request completed"
2026-03-14T05:35:33Z level=INFO service=media-transcoder node=n12 code=- latency_ms=464 req=r2852863 msg="connection pool resized"
2026-03-14T05:36:08Z level=INFO service=search-indexer node=n09 code=- latency_ms=1070 req=r3152907 msg="health check ok"
2026-03-14T05:36:22Z level=INFO service=search-indexer node=n01 code=- latency_ms=1859 req=r9852706 msg="batch flushed"
2026-03-14T05:37:01Z level=INFO service=notification-worker node=n10 code=- latency_ms=1150 req=r4272664 msg="cache refreshed"
2026-03-14T05:37:15Z level=ERROR service=ledger-sync node=n06 code=E4057 latency_ms=2055 req=r1639584 msg="disk quota exceeded"
2026-03-14T05:37:21Z level=INFO service=auth-gateway node=n02 code=- latency_ms=1031 req=r9641710 msg="config reloaded"
2026-03-14T05:37:55Z level=DEBUG service=checkout-web node=n09 code=- latency_ms=0 req=r6181495 msg="span started"
2026-03-14T05:38:21Z level=ERROR service=notification-worker node=n10 code=E4063 latency_ms=1444 req=r3147689 msg="disk quota exceeded"
2026-03-14T05:38:54Z level=DEBUG service=checkout-web node=n05 code=- latency_ms=0 req=r9535734 msg="cache probe"
2026-03-14T05:39:09Z level=WARN service=notification-worker node=n07 code=- latency_ms=1574 req=r3149362 msg="certificate expires soon"
2026-03-14T05:39:37Z level=INFO service=checkout-web node=n07 code=- latency_ms=1328 req=r9587221 msg="request completed"
2026-03-14T05:40:09Z level=INFO service=notification-worker node=n11 code=- latency_ms=1986 req=r5252557 msg="job scheduled"
2026-03-14T05:40:13Z level=INFO service=media-transcoder node=n05 code=- latency_ms=860 req=r3663885 msg="config reloaded"
2026-03-14T05:40:24Z level=INFO service=checkout-web node=n07 code=- latency_ms=1799 req=r4265334 msg="cache refreshed"
2026-03-14T05:40:41Z level=ERROR service=media-transcoder node=n11 code=E4053 latency_ms=150 req=r7597147 msg="upstream timeout"
2026-03-14T05:41:12Z level=WARN service=media-transcoder node=n06 code=- latency_ms=466 req=r9232190 msg="rate limit approaching"
2026-03-14T05:41:43Z level=INFO service=inventory-api node=n02 code=- latency_ms=1473 req=r3550252 msg="config reloaded"
2026-03-14T05:42:10Z level=WARN service=notification-worker node=n07 code=- latency_ms=305 req=r1362219 msg="slow query detected"
2026-03-14T05:42:14Z level=DEBUG service=media-transcoder node=n04 code=- latency_ms=0 req=r2936160 msg="span finished"
2026-03-14T05:42:50Z level=INFO service=search-indexer node=n03 code=- latency_ms=871 req=r3151248 msg="batch flushed"
2026-03-14T05:43:27Z level=INFO service=inventory-api node=n04 code=- latency_ms=1298 req=r4797361 msg="config reloaded"
2026-03-14T05:44:05Z level=INFO service=media-transcoder node=n03 code=- latency_ms=789 req=r4839668 msg="job scheduled"
2026-03-14T05:44:26Z level=INFO service=media-transcoder node=n07 code=- latency_ms=1385 req=r7664973 msg="config reloaded"
2026-03-14T05:45:03Z level=INFO service=ledger-sync node=n01 code=- latency_ms=1814 req=r4803831 msg="cache refreshed"
2026-03-14T05:45:37Z level=ERROR service=inventory-api node=n06 code=E4031 latency_ms=420 req=r6402686 msg="disk quota exceeded"
2026-03-14T05:45:52Z level=DEBUG service=checkout-web node=n01 code=- latency_ms=0 req=r5057529 msg="entering handler"
2026-03-14T05:46:21Z level=INFO service=media-transcoder node=n06 code=- latency_ms=742 req=r9149584 msg="health check ok"
2026-03-14T05:46:54Z level=INFO service=inventory-api node=n05 code=- latency_ms=55 req=r6330769 msg="cache refreshed"
2026-03-14T05:47:23Z level=INFO service=search-indexer node=n03 code=- latency_ms=1054 req=r9684913 msg="job scheduled"
2026-03-14T05:47:47Z level=ERROR service=ledger-sync node=n02 code=E4004 latency_ms=2252 req=r5268261 msg="upstream timeout"
2026-03-14T05:47:51Z level=INFO service=search-indexer node=n12 code=- latency_ms=857 req=r2781129 msg="config reloaded"
2026-03-14T05:47:58Z level=INFO service=ledger-sync node=n09 code=- latency_ms=96 req=r1460795 msg="health check ok"
2026-03-14T05:48:16Z level=DEBUG service=search-indexer node=n01 code=- latency_ms=0 req=r1074603 msg="span finished"
2026-03-14T05:48:29Z level=INFO service=search-indexer node=n12 code=- latency_ms=509 req=r3103290 msg="request completed"
2026-03-14T05:48:30Z level=INFO service=search-indexer node=n04 code=- latency_ms=2074 req=r8336130 msg="health check ok"
2026-03-14T05:48:39Z level=INFO service=billing-api node=n03 code=- latency_ms=2073 req=r6507291 msg="config reloaded"
2026-03-14T05:49:15Z level=ERROR service=billing-api node=n11 code=E4079 latency_ms=1440 req=r9222909 msg="upstream timeout"
2026-03-14T05:49:42Z level=INFO service=search-indexer node=n07 code=- latency_ms=955 req=r5873080 msg="health check ok"
2026-03-14T05:50:06Z level=INFO service=auth-gateway node=n08 code=- latency_ms=353 req=r7266951 msg="config reloaded"
2026-03-14T05:50:34Z level=DEBUG service=auth-gateway node=n06 code=- latency_ms=0 req=r4443300 msg="cache probe"
2026-03-14T05:50:42Z level=INFO service=billing-api node=n10 code=- latency_ms=1149 req=r5700783 msg="request completed"
